Time, Ch01, Ch02, Ch03, Ch04, Ch05, Ch06, Ch07,t_rel,idx
101.304,-14472.6767578125,199999.96875,199999.96875,175327.96875,69269.484375,199999.96875,199999.96875,-1.9995449000308412,3
101.308,-14334.6796875,199999.96875,199999.96875,175761.84375,69945.4140625,199999.96875,199999.96875,-1.9955449000308363,3
101.312,-14929.748046875,199999.96875,199999.96875,175854.578125,69750.171875,199999.96875,199999.96875,-1.9915449000308456,3
101.316,-14255.787109375,199999.96875,199999.96875,176238.71875,69910.859375,199999.96875,199999.96875,-1.9875449000308407,3
101.32,-14362.5283203125,199999.96875,199999.96875,175310.078125,69333.4140625,199999.96875,199999.96875,-1.98354490003085,3
101.324,-14690.638671875,199999.96875,199999.96875,175389.921875,69461.0234375,199999.96875,199999.96875,-1.9795449000308452,3
101.328,-14181.2578125,199999.96875,199999.96875,176458.09375,70500.109375,199999.96875,199999.96875,-1.9755449000308403,3
101.332,-14656.640625,199999.96875,199999.96875,175939.625,69617.5625,199999.96875,199999.96875,-1.9715449000308496,3
101.336,-14305.234375,199999.96875,199999.96875,175509.703125,69393.5,199999.96875,199999.96875,-1.9675449000308447,3
101.34,-14600.326171875,199999.96875,199999.96875,175247.125,69417.3359375,199999.96875,199999.96875,-1.9635449000308398,3
101.344,-14635.1123046875,199999.96875,199999.96875,176045.25,70025.734375,199999.96875,199999.96875,-1.9595449000308491,3
101.348,-13887.5498046875,199999.96875,199999.96875,176671.0,70481.5,199999.96875,199999.96875,-1.9555449000308442,3
101.352,-14610.3642578125,199999.96875,199999.96875,175269.75,69119.9140625,199999.96875,199999.96875,-1.9515449000308394,3
101.356,-14544.0361328125,199999.96875,199999.96875,175322.546875,69369.5625,199999.96875,199999.96875,-1.9475449000308487,3
101.36,-14641.6923828125,199999.96875,199999.96875,175824.0,69944.046875,199999.96875,199999.96875,-1.9435449000308438,3
101.364,-14321.7578125,199999.96875,199999.96875,176376.953125,70135.9140625,199999.96875,199999.96875,-1.939544900030839,3
101.368,-14158.5361328125,199999.96875,199999.96875,175832.0,69633.5390625,199999.96875,199999.96875,-1.9355449000308482,3
101.372,-14471.5810546875,199999.96875,199999.96875,175330.796875,69347.7890625,199999.96875,199999.96875,-1.9315449000308433,3
101.376,-14663.1015625,199999.96875,199999.96875,175759.921875,69824.484375,199999.96875,199999.96875,-1.9275449000308384,3
101.38,-14337.1357421875,199999.96875,199999.96875,176374.125,70191.6484375,199999.96875,199999.96875,-1.9235449000308478,3
101.384,-14119.029296875,199999.96875,199999.96875,175999.296875,69764.921875,199999.96875,199999.96875,-1.9195449000308429,3
101.388,-14407.8984375,199999.96875,199999.96875,175339.953125,69335.3984375,199999.96875,199999.96875,-1.915544900030838,3
101.392,-14640.1904296875,199999.96875,199999.96875,175623.328125,69724.4375,199999.96875,199999.96875,-1.9115449000308473,3
101.396,-14369.107421875,199999.96875,199999.96875,176343.125,70222.5,199999.96875,199999.96875,-1.9075449000308424,3
101.4,-14103.4140625,199999.96875,199999.96875,176152.453125,69888.359375,199999.96875,199999.96875,-1.9035449000308375,3
101.404,-14335.1328125,199999.96875,199999.96875,175371.046875,69348.234375,199999.96875,199999.96875,-1.8995449000308469,3
101.408,-14599.5390625,199999.96875,199999.96875,175519.34375,69629.671875,199999.96875,199999.96875,-1.895544900030842,3
101.412,-14396.6220703125,199999.96875,199999.96875,176294.796875,70224.2734375,199999.96875,199999.96875,-1.891544900030837,3
101.416,-14096.046875,199999.96875,199999.96875,176296.171875,70004.0859375,199999.96875,199999.96875,-1.8875449000308464,3
101.42,-14247.4189453125,199999.96875,199999.96875,175446.21875,69395.1640625,199999.96875,199999.96875,-1.8835449000308415,3
101.424,-14540.3408203125,199999.96875,199999.96875,175448.171875,69549.234375,199999.96875,199999.96875,-1.8795449000308366,3
101.428,-14434.3876953125,199999.96875,199999.96875,176215.75,70188.359375,199999.96875,199999.96875,-1.875544900030846,3
101.432,-14111.138671875,199999.96875,199999.96875,176384.578125,70096.0234375,199999.96875,199999.96875,-1.871544900030841,3
101.436,-14163.0908203125,199999.96875,199999.96875,175553.875,69473.25,199999.96875,199999.96875,-1.8675449000308362,3
101.44,-14472.724609375,199999.96875,199999.96875,175383.875,69485.859375,199999.96875,199999.96875,-1.8635449000308455,3
101.444,-14476.3251953125,199999.96875,199999.96875,176102.75,70119.5859375,199999.96875,199999.96875,-1.8595449000308406,3
101.448,-14149.0234375,199999.96875,199999.96875,176422.796875,70167.2890625,199999.96875,199999.96875,-1.85554490003085,3
101.452,-14078.546875,199999.96875,199999.96875,175703.828125,69589.1484375,199999.96875,199999.96875,-1.851544900030845,3
101.456,-14397.4794921875,199999.96875,199999.96875,175371.921875,69452.8125,199999.96875,199999.96875,-1.8475449000308402,3
101.46,-14508.3203125,199999.96875,199999.96875,175963.671875,70020.7265625,199999.96875,199999.96875,-1.8435449000308495,3
101.464,-14175.9658203125,199999.96875,199999.96875,176429.328125,70222.1875,199999.96875,199999.96875,-1.8395449000308446,3
101.468,-14012.5048828125,199999.96875,199999.96875,175881.71875,69718.5859375,199999.96875,199999.96875,-1.8355449000308397,3
101.472,-14331.9140625,199999.96875,199999.96875,175374.921875,69426.75,199999.96875,199999.96875,-1.831544900030849,3
101.476,-14509.25,199999.96875,199999.96875,175816.578125,69914.0625,199999.96875,199999.96875,-1.8275449000308441,3
101.48,-14210.1064453125,199999.96875,199999.96875,176413.578125,70261.8984375,199999.96875,199999.96875,-1.8235449000308392,3
101.484,-13978.2451171875,199999.96875,199999.96875,176049.703125,69843.8984375,199999.96875,199999.96875,-1.8195449000308486,3
101.488,-14263.8935546875,199999.96875,199999.96875,175393.328125,69418.5390625,199999.96875,199999.96875,-1.8155449000308437,3
101.492,-14494.3486328125,199999.96875,199999.96875,175676.328125,69807.296875,199999.96875,199999.96875,-1.8115449000308388,3
101.496,-14230.6591796875,199999.96875,199999.96875,176392.84375,70297.3125,199999.96875,199999.96875,-1.8075449000308481,3
101.5,-13957.0,199999.96875,199999.96875,176205.046875,69970.8359375,199999.96875,199999.96875,-1.8035449000308432,3
101.504,-14180.4716796875,199999.96875,199999.96875,175430.375,69437.1015625,199999.96875,199999.96875,-1.7995449000308383,3
101.508,-14457.130859375,199999.96875,199999.96875,175569.046875,69708.1640625,199999.96875,199999.96875,-1.7955449000308477,3
101.512,-14257.0029296875,199999.96875,199999.96875,176338.59375,70302.8359375,199999.96875,199999.96875,-1.7915449000308428,3
101.516,-13958.4326171875,199999.96875,199999.96875,176341.171875,70084.671875,199999.96875,199999.96875,-1.7875449000308379,3
101.52,-14097.2626953125,199999.96875,199999.96875,175492.96875,69482.6484375,199999.96875,199999.96875,-1.7835449000308472,3
101.524,-14409.8544921875,199999.96875,199999.96875,175476.703125,69620.1484375,199999.96875,199999.96875,-1.7795449000308423,3
101.528,-14296.818359375,199999.96875,199999.96875,176254.421875,70267.0859375,199999.96875,199999.96875,-1.7755449000308374,3
101.532,-13974.6201171875,199999.96875,199999.96875,176422.078125,70176.5390625,199999.96875,199999.96875,-1.7715449000308467,3
101.536,-14016.8671875,199999.96875,199999.96875,175596.703125,69559.3125,199999.96875,199999.96875,-1.7675449000308419,3
101.54,-14341.068359375,199999.96875,199999.96875,175421.828125,69563.984375,199999.96875,199999.96875,-1.763544900030837,3
101.544,-14337.0888671875,199999.96875,199999.96875,176143.953125,70200.234375,199999.96875,199999.96875,-1.7595449000308463,3
101.548,-14006.162109375,199999.96875,199999.96875,176460.953125,70247.609375,199999.96875,199999.96875,-1.7555449000308414,3
101.552,-13933.5654296875,199999.96875,199999.96875,175749.171875,69673.1875,199999.96875,199999.96875,-1.7515449000308365,3
101.556,-14263.607421875,199999.96875,199999.96875,175411.125,69531.3359375,199999.96875,199999.96875,-1.7475449000308458,3
101.56,-14367.6533203125,199999.96875,199999.96875,176008.421875,70099.4609375,199999.96875,199999.96875,-1.743544900030841,3
101.564,-14031.2216796875,199999.96875,199999.96875,176475.296875,70305.296875,199999.96875,199999.96875,-1.7395449000308503,3
101.568,-13875.5810546875,199999.96875,199999.96875,175924.296875,69798.1015625,199999.96875,199999.96875,-1.7355449000308454,3
101.572,-14194.9189453125,199999.96875,199999.96875,175413.375,69501.109375,199999.96875,199999.96875,-1.7315449000308405,3
101.576,-14371.2294921875,199999.96875,199999.96875,175858.875,69995.0859375,199999.96875,199999.96875,-1.7275449000308498,3
101.58,-14055.2294921875,199999.96875,199999.96875,176464.625,70350.046875,199999.96875,199999.96875,-1.723544900030845,3
101.584,-13844.609375,199999.96875,199999.96875,176086.828125,69923.109375,199999.96875,199999.96875,-1.71954490003084,3
101.588,-14124.966796875,199999.96875,199999.96875,175431.875,69497.8515625,199999.96875,199999.96875,-1.7155449000308494,3
101.592,-14357.185546875,199999.96875,199999.96875,175716.25,69887.3359375,199999.96875,199999.96875,-1.7115449000308445,3
101.596,-14089.2998046875,199999.96875,199999.96875,176433.703125,70381.2265625,199999.96875,199999.96875,-1.7075449000308396,3
101.6,-13831.4267578125,199999.96875,199999.96875,176233.828125,70042.6484375,199999.96875,199999.96875,-1.703544900030849,3
101.604,-14048.482421875,199999.96875,199999.96875,175463.671875,69516.4765625,199999.96875,199999.96875,-1.699544900030844,3
101.608,-14318.6591796875,199999.96875,199999.96875,175606.078125,69789.5,199999.96875,199999.96875,-1.6955449000308391,3
101.612,-14119.3173828125,199999.96875,199999.96875,176378.75,70386.3515625,199999.96875,199999.96875,-1.6915449000308485,3
101.616,-13831.234375,199999.96875,199999.96875,176370.203125,70156.984375,199999.96875,199999.96875,-1.6875449000308436,3
101.62,-13961.1484375,199999.96875,199999.96875,175528.375,69562.625,199999.96875,199999.96875,-1.6835449000308387,3
101.624,-14264.4658203125,199999.96875,199999.96875,175521.25,69706.0390625,199999.96875,199999.96875,-1.679544900030848,3
101.628,-14162.0888671875,199999.96875,199999.96875,176292.796875,70346.625,199999.96875,199999.96875,-1.675544900030843,3
101.632,-13838.625,199999.96875,199999.96875,176462.828125,70255.5,199999.96875,199999.96875,-1.6715449000308382,3
101.636,-13876.201171875,199999.96875,199999.96875,175638.84375,69643.1875,199999.96875,199999.96875,-1.6675449000308475,3
101.64,-14195.6591796875,199999.96875,199999.96875,175467.171875,69647.6484375,199999.96875,199999.96875,-1.6635449000308427,3
101.644,-14208.7236328125,199999.96875,199999.96875,176181.203125,70275.625,199999.96875,199999.96875,-1.6595449000308378,3
101.648,-13868.833984375,199999.96875,199999.96875,176501.328125,70327.6484375,199999.96875,199999.96875,-1.655544900030847,3
101.652,-13799.0,199999.96875,199999.96875,175788.71875,69751.171875,199999.96875,199999.96875,-1.6515449000308422,3
101.656,-14119.2685546875,199999.96875,199999.96875,175453.875,69614.2734375,199999.96875,199999.96875,-1.6475449000308373,3
101.66,-14233.708984375,199999.96875,199999.96875,176043.921875,70178.5234375,199999.96875,199999.96875,-1.6435449000308466,3
101.664,-13889.9580078125,199999.96875,199999.96875,176514.0,70392.3984375,199999.96875,199999.96875,-1.6395449000308417,3
101.668,-13733.005859375,199999.96875,199999.96875,175964.96875,69885.1484375,199999.96875,199999.96875,-1.6355449000308369,3
101.672,-14047.671875,199999.96875,199999.96875,175460.75,69597.5390625,199999.96875,199999.96875,-1.6315449000308462,3
101.676,-14233.8515625,199999.96875,199999.96875,175893.578125,70080.0,199999.96875,199999.96875,-1.6275449000308413,3
101.68,-13908.3876953125,199999.96875,199999.96875,176507.25,70456.171875,199999.96875,199999.96875,-1.6235449000308364,3
101.684,-13685.107421875,199999.96875,199999.96875,176134.21875,70038.375,199999.96875,199999.96875,-1.6195449000308457,3
101.688,-13972.2607421875,199999.96875,199999.96875,175471.25,69611.8984375,199999.96875,199999.96875,-1.6155449000308408,3
101.692,-14203.6689453125,199999.96875,199999.96875,175752.5,70001.109375,199999.96875,199999.96875,-1.6115449000308502,3
101.696,-13932.0625,199999.96875,199999.96875,176474.296875,70500.4765625,199999.96875,199999.96875,-1.6075449000308453,3
101.7,-13666.1064453125,199999.96875,199999.96875,176282.078125,70169.3125,199999.96875,199999.96875,-1.6035449000308404,3
101.704,-13896.4189453125,199999.96875,199999.96875,175503.703125,69634.109375,199999.96875,199999.96875,-1.5995449000308497,3
101.708,-14160.609375,199999.96875,199999.96875,175647.171875,69911.546875,199999.96875,199999.96875,-1.5955449000308448,3
101.712,-13965.9892578125,199999.96875,199999.96875,176418.34375,70504.546875,199999.96875,199999.96875,-1.59154490003084,3
101.716,-13665.748046875,199999.96875,199999.96875,176417.046875,70287.25,199999.96875,199999.96875,-1.5875449000308492,3
101.72,-13810.921875,199999.96875,199999.96875,175566.203125,69680.1875,199999.96875,199999.96875,-1.5835449000308444,3
101.724,-14108.4921875,199999.96875,199999.96875,175564.09375,69832.0234375,199999.96875,199999.96875,-1.5795449000308395,3
101.728,-14007.1640625,199999.96875,199999.96875,176332.59375,70471.5,199999.96875,199999.96875,-1.5755449000308488,3
101.732,-13684.703125,199999.96875,199999.96875,176503.078125,70379.1640625,199999.96875,199999.96875,-1.571544900030844,3
101.736,-13726.2109375,199999.96875,199999.96875,175680.453125,69759.8359375,199999.96875,199999.96875,-1.567544900030839,3
101.74,-14042.044921875,199999.96875,199999.96875,175513.203125,69767.9609375,199999.96875,199999.96875,-1.5635449000308483,3
101.744,-14040.5439453125,199999.96875,199999.96875,176230.921875,70402.7734375,199999.96875,199999.96875,-1.5595449000308435,3
101.748,-13713.3125,199999.96875,199999.96875,176548.203125,70450.625,199999.96875,199999.96875,-1.5555449000308386,3
101.752,-13640.546875,199999.96875,199999.96875,175832.21875,69875.359375,199999.96875,199999.96875,-1.5515449000308479,3
101.756,-13964.201171875,199999.96875,199999.96875,175491.71875,69740.5390625,199999.96875,199999.96875,-1.547544900030843,3
101.76,-14072.7294921875,199999.96875,199999.96875,176086.75,70309.4609375,199999.96875,199999.96875,-1.543544900030838,3
101.764,-13746.2392578125,199999.96875,199999.96875,176547.203125,70509.0,199999.96875,199999.96875,-1.5395449000308474,3
101.768,-13580.490234375,199999.96875,199999.96875,176003.828125,70010.0234375,199999.96875,199999.96875,-1.5355449000308425,3
101.772,-13893.8203125,199999.96875,199999.96875,175502.625,69718.859375,199999.96875,199999.96875,-1.5315449000308377,3
101.776,-14072.896484375,199999.96875,199999.96875,175943.46875,70205.046875,199999.96875,199999.96875,-1.527544900030847,3
101.78,-13759.4951171875,199999.96875,199999.96875,176552.84375,70564.0859375,199999.96875,199999.96875,-1.523544900030842,3
101.784,-13538.3388671875,199999.96875,199999.96875,176179.421875,70137.2734375,199999.96875,199999.96875,-1.5195449000308372,3
101.788,-13823.9404296875,199999.96875,199999.96875,175517.125,69707.3515625,199999.96875,199999.96875,-1.5155449000308465,3
101.792,-14057.9248046875,199999.96875,199999.96875,175803.09375,70092.8515625,199999.96875,199999.96875,-1.5115449000308416,3
101.796,-13797.3330078125,199999.96875,199999.96875,176513.71875,70582.109375,199999.96875,199999.96875,-1.5075449000308367,3
101.8,-13522.6748046875,199999.96875,199999.96875,176330.796875,70258.7890625,199999.96875,199999.96875,-1.503544900030846,3
101.804,-13746.0732421875,199999.96875,199999.96875,175557.203125,69725.3359375,199999.96875,199999.96875,-1.4995449000308412,3
101.808,-14022.5185546875,199999.96875,199999.96875,175693.625,69995.359375,199999.96875,199999.96875,-1.4955449000308363,3
101.812,-13821.865234375,199999.96875,199999.96875,176464.171875,70591.2265625,199999.96875,199999.96875,-1.4915449000308456,3
101.816,-13522.029296875,199999.96875,199999.96875,176468.875,70374.0625,199999.96875,199999.96875,-1.4875449000308407,3
101.82,-13659.5498046875,199999.96875,199999.96875,175623.546875,69773.1640625,199999.96875,199999.96875,-1.48354490003085,3
101.824,-13969.708984375,199999.96875,199999.96875,175608.875,69912.5859375,199999.96875,199999.96875,-1.4795449000308452,3
101.828,-13861.537109375,199999.96875,199999.96875,176382.171875,70557.875,199999.96875,199999.96875,-1.4755449000308403,3
101.832,-13540.3408203125,199999.96875,199999.96875,176554.171875,70468.1875,199999.96875,199999.96875,-1.4715449000308496,3
101.836,-13578.796875,199999.96875,199999.96875,175731.953125,69852.0,199999.96875,199999.96875,-1.4675449000308447,3
101.84,-13904.4765625,199999.96875,199999.96875,175551.921875,69850.6484375,199999.96875,199999.96875,-1.4635449000308398,3
101.844,-13902.1640625,199999.96875,199999.96875,176272.875,70485.671875,199999.96875,199999.96875,-1.4595449000308491,3
101.848,-13571.716796875,199999.96875,199999.96875,176590.21875,70536.0234375,199999.96875,199999.96875,-1.4555449000308442,3
101.852,-13499.1171875,199999.96875,199999.96875,175877.46875,69962.046875,199999.96875,199999.96875,-1.4515449000308394,3
101.856,-13827.896484375,199999.96875,199999.96875,175535.328125,69819.0,199999.96875,199999.96875,-1.4475449000308487,3
101.86,-13935.4013671875,199999.96875,199999.96875,176131.421875,70390.3515625,199999.96875,199999.96875,-1.4435449000308438,3
101.864,-13594.4140625,199999.96875,199999.96875,176602.09375,70596.359375,199999.96875,199999.96875,-1.439544900030839,3
101.868,-13437.84375,199999.96875,199999.96875,176051.375,70089.2109375,199999.96875,199999.96875,-1.4355449000308482,3
101.872,-13762.951171875,199999.96875,199999.96875,175540.375,69790.8984375,199999.96875,199999.96875,-1.4315449000308433,3
101.876,-13934.1845703125,199999.96875,199999.96875,175984.125,70282.8125,199999.96875,199999.96875,-1.4275449000308384,3
101.88,-13616.466796875,199999.96875,199999.96875,176596.875,70646.1015625,199999.96875,199999.96875,-1.4235449000308478,3
101.884,-13406.1123046875,199999.96875,199999.96875,176217.921875,70214.7265625,199999.96875,199999.96875,-1.4195449000308429,3
101.888,-13685.966796875,199999.96875,199999.96875,175560.203125,69788.671875,199999.96875,199999.96875,-1.415544900030838,3
101.892,-13919.4501953125,199999.96875,199999.96875,175841.296875,70172.9375,199999.96875,199999.96875,-1.4115449000308473,3
101.896,-13650.3720703125,199999.96875,199999.96875,176566.453125,70670.9765625,199999.96875,199999.96875,-1.4075449000308424,3
101.9,-13397.669921875,199999.96875,199999.96875,176365.84375,70333.9140625,199999.96875,199999.96875,-1.4035449000308375,3
101.904,-13610.984375,199999.96875,199999.96875,175592.5,69804.0,199999.96875,199999.96875,-1.3995449000308469,3
101.908,-13884.544921875,199999.96875,199999.96875,175734.875,70076.421875,199999.96875,199999.96875,-1.395544900030842,3
101.912,-13683.0830078125,199999.96875,199999.96875,176505.59375,70670.8984375,199999.96875,199999.96875,-1.391544900030837,3
101.916,-13395.2392578125,199999.96875,199999.96875,176500.953125,70446.4765625,199999.96875,199999.96875,-1.3875449000308464,3
101.92,-13523.9375,199999.96875,199999.96875,175662.203125,69852.8125,199999.96875,199999.96875,-1.3835449000308415,3
101.924,-13829.232421875,199999.96875,199999.96875,175652.046875,69994.359375,199999.96875,199999.96875,-1.3795449000308366,3
101.928,-13725.9736328125,199999.96875,199999.96875,176427.21875,70637.0234375,199999.96875,199999.96875,-1.375544900030846,3
101.932,-13402.5107421875,199999.96875,199999.96875,176594.796875,70543.4140625,199999.96875,199999.96875,-1.371544900030841,3
101.936,-13439.4189453125,199999.96875,199999.96875,175776.703125,69934.0390625,199999.96875,199999.96875,-1.3675449000308362,3
101.94,-13760.4013671875,199999.96875,199999.96875,175599.703125,69938.296875,199999.96875,199999.96875,-1.3635449000308455,3
101.944,-13771.0595703125,199999.96875,199999.96875,176311.59375,70564.296875,199999.96875,199999.96875,-1.3595449000308406,3
101.948,-13432.71875,199999.96875,199999.96875,176633.421875,70620.3359375,199999.96875,199999.96875,-1.35554490003085,3
101.952,-13363.052734375,199999.96875,199999.96875,175917.328125,70043.234375,199999.96875,199999.96875,-1.351544900030845,3
101.956,-13683.654296875,199999.96875,199999.96875,175584.34375,69904.234375,199999.96875,199999.96875,-1.3475449000308402,3
101.96,-13801.5283203125,199999.96875,199999.96875,176169.25,70466.234375,199999.96875,199999.96875,-1.3435449000308495,3
101.964,-13455.654296875,199999.96875,199999.96875,176643.953125,70680.046875,199999.96875,199999.96875,-1.3395449000308446,3
101.968,-13298.2265625,199999.96875,199999.96875,176094.921875,70172.2734375,199999.96875,199999.96875,-1.3355449000308397,3
101.972,-13614.0361328125,199999.96875,199999.96875,175588.578125,69880.8984375,199999.96875,199999.96875,-1.331544900030849,3
101.976,-13804.865234375,199999.96875,199999.96875,176020.796875,70357.484375,199999.96875,199999.96875,-1.3275449000308441,3
101.98,-13479.3779296875,199999.96875,199999.96875,176638.75,70727.4609375,199999.96875,199999.96875,-1.3235449000308392,3
101.984,-13261.4375,199999.96875,199999.96875,176264.703125,70303.484375,199999.96875,199999.96875,-1.3195449000308486,3
101.988,-13546.515625,199999.96875,199999.96875,175608.046875,69872.359375,199999.96875,199999.96875,-1.3155449000308437,3
101.992,-13779.021484375,199999.96875,199999.96875,175891.578125,70256.6484375,199999.96875,199999.96875,-1.3115449000308388,3
101.996,-13507.701171875,199999.96875,199999.96875,176615.421875,70756.484375,199999.96875,199999.96875,-1.3075449000308481,3
102.0,-13243.5107421875,199999.96875,199999.96875,176421.0,70426.0390625,199999.96875,199999.96875,-1.3035449000308432,3
102.004,-13475.919921875,199999.96875,199999.96875,175637.671875,69882.8515625,199999.96875,199999.96875,-1.2995449000308383,3
102.008,-13741.3515625,199999.96875,199999.96875,175781.453125,70159.484375,199999.96875,199999.96875,-1.2955449000308477,3
102.012,-13543.296875,199999.96875,199999.96875,176556.75,70755.484375,199999.96875,199999.96875,-1.2915449000308428,3
102.016,-13245.0126953125,199999.96875,199999.96875,176557.703125,70536.9765625,199999.96875,199999.96875,-1.2875449000308379,3
102.02,-13384.9873046875,199999.96875,199999.96875,175712.21875,69935.375,199999.96875,199999.96875,-1.2835449000308472,3
102.024,-13684.630859375,199999.96875,199999.96875,175706.5,70082.6484375,199999.96875,199999.96875,-1.2795449000308423,3
102.028,-13580.2998046875,199999.96875,199999.96875,176476.296875,70721.671875,199999.96875,199999.96875,-1.2755449000308374,3
102.032,-13259.005859375,199999.96875,199999.96875,176645.296875,70633.3984375,199999.96875,199999.96875,-1.2715449000308467,3
102.036,-13304.091796875,199999.96875,199999.96875,175816.078125,70009.3359375,199999.96875,199999.96875,-1.2675449000308419,3
102.04,-13616.96875,199999.96875,199999.96875,175645.671875,70019.8515625,199999.96875,199999.96875,-1.263544900030837,3
102.044,-13619.3046875,199999.96875,199999.96875,176365.453125,70655.3359375,199999.96875,199999.96875,-1.2595449000308463,3
102.048,-13292.2421875,199999.96875,199999.96875,176680.34375,70700.6015625,199999.96875,199999.96875,-1.2555449000308414,3
102.052,-13217.7841796875,199999.96875,199999.96875,175965.078125,70127.1640625,199999.96875,199999.96875,-1.2515449000308365,3
102.056,-13539.6982421875,199999.96875,199999.96875,175627.171875,69987.8984375,199999.96875,199999.96875,-1.2475449000308458,3
102.06,-13649.2265625,199999.96875,199999.96875,176220.96875,70557.1484375,199999.96875,199999.96875,-1.243544900030841,3
102.064,-13319.6845703125,199999.96875,199999.96875,176687.5,70759.375,199999.96875,199999.96875,-1.2395449000308503,3
102.068,-13151.7421875,199999.96875,199999.96875,176142.96875,70256.0234375,199999.96875,199999.96875,-1.2355449000308454,3
102.072,-13471.8671875,199999.96875,199999.96875,175634.828125,69964.6640625,199999.96875,199999.96875,-1.2315449000308405,3
102.076,-13649.9658203125,199999.96875,199999.96875,176075.421875,70448.3359375,199999.96875,199999.96875,-1.2275449000308498,3
102.08,-13341.5234375,199999.96875,199999.96875,176682.96875,70807.9609375,199999.96875,199999.96875,-1.223544900030845,3
102.084,-13114.953125,199999.96875,199999.96875,176316.09375,70387.4375,199999.96875,199999.96875,-1.21954490003084,3
102.088,-13404.2763671875,199999.96875,199999.96875,175655.046875,69955.0,199999.96875,199999.96875,-1.2155449000308494,3
102.092,-13630.796875,199999.96875,199999.96875,175940.671875,70342.6875,199999.96875,199999.96875,-1.2115449000308445,3
102.096,-13376.1904296875,199999.96875,199999.96875,176655.0,70831.296875,199999.96875,199999.96875,-1.2075449000308396,3
102.1,-13103.248046875,199999.96875,199999.96875,176468.96875,70506.6484375,199999.96875,199999.96875,-1.203544900030849,3
102.104,-13325.5263671875,199999.96875,199999.96875,175687.375,69973.609375,199999.96875,199999.96875,-1.199544900030844,3
102.108,-13604.951171875,199999.96875,199999.96875,175823.0,70238.046875,199999.96875,199999.96875,-1.1955449000308391,3
102.112,-13404.560546875,199999.96875,199999.96875,176597.71875,70835.2109375,199999.96875,199999.96875,-1.1915449000308485,3
102.116,-13104.4638671875,199999.96875,199999.96875,176601.703125,70619.0625,199999.96875,199999.96875,-1.1875449000308436,3
102.12,-13239.71875,199999.96875,199999.96875,175755.703125,70019.625,199999.96875,199999.96875,-1.1835449000308387,3
102.124,-13554.1689453125,199999.96875,199999.96875,175740.203125,70155.234375,199999.96875,199999.96875,-1.179544900030848,3
102.128,-13442.1611328125,199999.96875,199999.96875,176516.34375,70803.6015625,199999.96875,199999.96875,-1.175544900030843,3
102.132,-13121.677734375,199999.96875,199999.96875,176685.0,70714.8359375,199999.96875,199999.96875,-1.1715449000308382,3
102.136,-13157.5595703125,199999.96875,199999.96875,175865.0,70099.4140625,199999.96875,199999.96875,-1.1675449000308475,3
102.14,-13485.193359375,199999.96875,199999.96875,175684.71875,70098.5234375,199999.96875,199999.96875,-1.1635449000308427,3
102.144,-13480.2841796875,199999.96875,199999.96875,176406.703125,70738.3515625,199999.96875,199999.96875,-1.1595449000308378,3
102.148,-13151.4560546875,199999.96875,199999.96875,176722.328125,70785.734375,199999.96875,199999.96875,-1.155544900030847,3
102.152,-13078.7392578125,199999.96875,199999.96875,176008.84375,70212.109375,199999.96875,199999.96875,-1.1515449000308422,3
102.156,-13408.3046875,199999.96875,199999.96875,175663.34375,70063.875,199999.96875,199999.96875,-1.1475449000308373,3
102.16,-13515.4736328125,199999.96875,199999.96875,176260.75,70636.1640625,199999.96875,199999.96875,-1.1435449000308466,3
102.164,-13177.1328125,199999.96875,199999.96875,176732.203125,70845.2109375,199999.96875,199999.96875,-1.1395449000308417,3
102.168,-13019.466796875,199999.96875,199999.96875,176184.84375,70336.4765625,199999.96875,199999.96875,-1.1355449000308369,3
102.172,-13337.0888671875,199999.96875,199999.96875,175676.21875,70042.3359375,199999.96875,199999.96875,-1.1315449000308462,3
102.176,-13513.9716796875,199999.96875,199999.96875,176118.671875,70530.921875,199999.96875,199999.96875,-1.1275449000308413,3
102.18,-13198.5439453125,199999.96875,199999.96875,176728.671875,70894.671875,199999.96875,199999.96875,-1.1235449000308364,3
102.184,-12985.515625,199999.96875,199999.96875,176354.296875,70461.734375,199999.96875,199999.96875,-1.1195449000308457,3
102.188,-13261.6533203125,199999.96875,199999.96875,175697.96875,70039.75,199999.96875,199999.96875,-1.1155449000308408,3
102.192,-13496.4013671875,199999.96875,199999.96875,175980.703125,70423.796875,199999.96875,199999.96875,-1.1115449000308502,3
102.196,-13228.0361328125,199999.96875,199999.96875,176702.09375,70921.109375,199999.96875,199999.96875,-1.1075449000308453,3
102.2,-12973.9296875,199999.96875,199999.96875,176504.96875,70585.0234375,199999.96875,199999.96875,-1.1035449000308404,3
102.204,-13192.1064453125,199999.96875,199999.96875,175729.578125,70052.4609375,199999.96875,199999.96875,-1.0995449000308497,3
102.208,-13463.6640625,199999.96875,199999.96875,175869.21875,70326.421875,199999.96875,199999.96875,-1.0955449000308448,3
102.212,-13266.0390625,199999.96875,199999.96875,176641.875,70919.7890625,199999.96875,199999.96875,-1.09154490003084,3
102.216,-12982.0595703125,199999.96875,199999.96875,176633.21875,70689.3359375,199999.96875,199999.96875,-1.0875449000308492,3
102.22,-13108.849609375,199999.96875,199999.96875,175795.453125,70100.6015625,199999.96875,199999.96875,-1.0835449000308444,3
102.224,-13410.044921875,199999.96875,199999.96875,175787.96875,70243.3515625,199999.96875,199999.96875,-1.0795449000308395,3
102.228,-13308.8125,199999.96875,199999.96875,176559.171875,70883.375,199999.96875,199999.96875,-1.0755449000308488,3
102.232,-12984.396484375,199999.96875,199999.96875,176730.21875,70793.7265625,199999.96875,199999.96875,-1.071544900030844,3
102.236,-13020.1591796875,199999.96875,199999.96875,175910.703125,70180.234375,199999.96875,199999.96875,-1.067544900030839,3
102.24,-13338.9248046875,199999.96875,199999.96875,175732.453125,70184.2109375,199999.96875,199999.96875,-1.0635449000308483,3
102.244,-13348.2705078125,199999.96875,199999.96875,176448.25,70812.25,199999.96875,199999.96875,-1.0595449000308435,3
102.248,-13011.2421875,199999.96875,199999.96875,176768.171875,70866.1875,199999.96875,199999.96875,-1.0555449000308386,3
102.252,-12940.0751953125,199999.96875,199999.96875,176053.625,70290.6015625,199999.96875,199999.96875,-1.0515449000308479,3
102.256,-13262.1298828125,199999.96875,199999.96875,175714.671875,70151.1484375,199999.96875,199999.96875,-1.047544900030843,3
102.26,-13376.3095703125,199999.96875,199999.96875,176305.828125,70713.7734375,199999.96875,199999.96875,-1.043544900030838,3
102.264,-13035.583984375,199999.96875,199999.96875,176783.625,70928.6875,199999.96875,199999.96875,-1.0395449000308474,3
102.268,-12877.7265625,199999.96875,199999.96875,176232.21875,70420.9375,199999.96875,199999.96875,-1.0355449000308425,3
102.272,-13194.3955078125,199999.96875,199999.96875,175723.453125,70126.109375,199999.96875,199999.96875,-1.0315449000308377,3
102.276,-13384.6533203125,199999.96875,199999.96875,176155.09375,70606.3125,199999.96875,199999.96875,-1.027544900030847,3
102.28,-13058.7578125,199999.96875,199999.96875,176772.96875,70976.1484375,199999.96875,199999.96875,-1.023544900030842,3
102.284,-12838.1015625,199999.96875,199999.96875,176405.5,70552.3515625,199999.96875,199999.96875,-1.0195449000308372,3
102.288,-13125.2548828125,199999.96875,199999.96875,175737.703125,70115.8125,199999.96875,199999.96875,-1.0155449000308465,3
102.292,-13362.9345703125,199999.96875,199999.96875,176020.375,70498.375,199999.96875,199999.96875,-1.0115449000308416,3
102.296,-13091.2314453125,199999.96875,199999.96875,176748.046875,71002.3125,199999.96875,199999.96875,-1.0075449000308367,3
102.3,-12825.8251953125,199999.96875,199999.96875,176555.96875,70670.2734375,199999.96875,199999.96875,-1.003544900030846,3
102.304,-13054.7783203125,199999.96875,199999.96875,175770.75,70129.9375,199999.96875,199999.96875,-0.9995449000308412,3
102.308,-13322.7607421875,199999.96875,199999.96875,175912.71875,70403.7109375,199999.96875,199999.96875,-0.9955449000308363,3
102.312,-13124.609375,199999.96875,199999.96875,176685.09375,71000.7109375,199999.96875,199999.96875,-0.9915449000308456,3
102.316,-12828.4716796875,199999.96875,199999.96875,176690.125,70782.9609375,199999.96875,199999.96875,-0.9875449000308407,3
102.32,-12972.3330078125,199999.96875,199999.96875,175838.59375,70177.75,199999.96875,199999.96875,-0.98354490003085,3
102.324,-13265.873046875,199999.96875,199999.96875,175837.953125,70325.046875,199999.96875,199999.96875,-0.9795449000308452,3
102.328,-13166.404296875,199999.96875,199999.96875,176604.828125,70965.796875,199999.96875,199999.96875,-0.9755449000308403,3
102.332,-12842.0126953125,199999.96875,199999.96875,176778.71875,70878.625,199999.96875,199999.96875,-0.9715449000308496,3
102.336,-12883.591796875,199999.96875,199999.96875,175953.671875,70257.6015625,199999.96875,199999.96875,-0.9675449000308447,3
102.34,-13196.1357421875,199999.96875,199999.96875,175781.171875,70265.0234375,199999.96875,199999.96875,-0.9635449000308398,3
102.344,-13201.4765625,199999.96875,199999.96875,176497.84375,70899.0234375,199999.96875,199999.96875,-0.9595449000308491,3
102.348,-12874.388671875,199999.96875,199999.96875,176818.078125,70948.5,199999.96875,199999.96875,-0.9555449000308442,3
102.352,-12802.1015625,199999.96875,199999.96875,176100.453125,70371.5390625,199999.96875,199999.96875,-0.9515449000308394,3
102.356,-13122.25,199999.96875,199999.96875,175759.5,70231.75,199999.96875,199999.96875,-0.9475449000308487,3
102.36,-13234.3544921875,199999.96875,199999.96875,176350.96875,70802.6875,199999.96875,199999.96875,-0.9435449000308438,3
102.364,-12905.646484375,199999.96875,199999.96875,176816.328125,71002.2265625,199999.96875,199999.96875,-0.9395449000308389,3
102.368,-12736.703125,199999.96875,199999.96875,176273.71875,70504.0859375,199999.96875,199999.96875,-0.9355449000308482,3
102.372,-13053.9189453125,199999.96875,199999.96875,175764.453125,70206.5,199999.96875,199999.96875,-0.9315449000308433,3
102.376,-13236.1669921875,199999.96875,199999.96875,176202.34375,70690.5625,199999.96875,199999.96875,-0.9275449000308384,3
102.38,-12929.130859375,199999.96875,199999.96875,176811.21875,71049.6484375,199999.96875,199999.96875,-0.9235449000308478,3
102.384,-12700.201171875,199999.96875,199999.96875,176450.078125,70632.0,199999.96875,199999.96875,-0.9195449000308429,3
102.388,-12983.490234375,199999.96875,199999.96875,175786.921875,70201.6015625,199999.96875,199999.96875,-0.915544900030838,3
102.392,-13214.2080078125,199999.96875,199999.96875,176069.078125,70585.9765625,199999.96875,199999.96875,-0.9115449000308473,3
102.396,-12955.380859375,199999.96875,199999.96875,176790.828125,71079.046875,199999.96875,199999.96875,-0.9075449000308424,3
102.4,-12683.7265625,199999.96875,199999.96875,176600.21875,70752.9140625,199999.96875,199999.96875,-0.9035449000308375,3
102.404,-12905.8623046875,199999.96875,199999.96875,175821.25,70219.046875,199999.96875,199999.96875,-0.8995449000308469,3
102.408,-13183.880859375,199999.96875,199999.96875,175958.171875,70485.8125,199999.96875,199999.96875,-0.895544900030842,3
102.412,-12987.8046875,199999.96875,199999.96875,176729.96875,71081.2890625,199999.96875,199999.96875,-0.8915449000308371,3
102.416,-12689.0908203125,199999.96875,199999.96875,176731.453125,70865.3984375,199999.96875,199999.96875,-0.8875449000308464,3
102.42,-12823.0595703125,199999.96875,199999.96875,175889.84375,70267.4375,199999.96875,199999.96875,-0.8835449000308415,3
102.424,-13136.482421875,199999.96875,199999.96875,175870.046875,70400.6015625,199999.96875,199999.96875,-0.8795449000308366,3
102.428,-13028.623046875,199999.96875,199999.96875,176644.453125,71042.8359375,199999.96875,199999.96875,-0.875544900030846,3
102.432,-12701.3935546875,199999.96875,199999.96875,176821.296875,70961.0390625,199999.96875,199999.96875,-0.8715449000308411,3
102.436,-12737.8955078125,199999.96875,199999.96875,176002.953125,70346.1875,199999.96875,199999.96875,-0.8675449000308362,3
102.44,-13068.318359375,199999.96875,199999.96875,175819.078125,70340.0234375,199999.96875,199999.96875,-0.8635449000308455,3
102.444,-13063.8623046875,199999.96875,199999.96875,176542.375,70979.5859375,199999.96875,199999.96875,-0.8595449000308406,3
102.448,-12730.765625,199999.96875,199999.96875,176862.875,71032.6484375,199999.96875,199999.96875,-0.8555449000308499,3
102.452,-12659.9326171875,199999.96875,199999.96875,176149.21875,70455.4375,199999.96875,199999.96875,-0.851544900030845,3
102.456,-12990.2861328125,199999.96875,199999.96875,175802.171875,70307.2109375,199999.96875,199999.96875,-0.8475449000308402,3
102.46,-13096.9296875,199999.96875,199999.96875,176396.078125,70881.1640625,199999.96875,199999.96875,-0.8435449000308495,3
102.464,-12757.8984375,199999.96875,199999.96875,176870.453125,71092.421875,199999.96875,199999.96875,-0.8395449000308446,3
102.468,-12603.044921875,199999.96875,199999.96875,176319.546875,70582.8515625,199999.96875,199999.96875,-0.8355449000308397,3
102.472,-12920.857421875,199999.96875,199999.96875,175807.59375,70285.3984375,199999.96875,199999.96875,-0.831544900030849,3
102.476,-13098.8857421875,199999.96875,199999.96875,176247.328125,70773.75,199999.96875,199999.96875,-0.8275449000308441,3
102.48,-12780.5234375,199999.96875,199999.96875,176863.375,71139.0390625,199999.96875,199999.96875,-0.8235449000308392,3
102.484,-12568.1640625,199999.96875,199999.96875,176490.59375,70709.2890625,199999.96875,199999.96875,-0.8195449000308486,3
102.488,-12843.7294921875,199999.96875,199999.96875,175834.046875,70283.4765625,199999.96875,199999.96875,-0.8155449000308437,3
102.492,-13074.3515625,199999.96875,199999.96875,176118.59375,70667.7109375,199999.96875,199999.96875,-0.8115449000308388,3
102.496,-12811.662109375,199999.96875,199999.96875,176834.671875,71162.5625,199999.96875,199999.96875,-0.8075449000308481,3
102.5,-12548.185546875,199999.96875,199999.96875,176645.375,70835.921875,199999.96875,199999.96875,-0.8035449000308432,3
102.504,-12766.4111328125,199999.96875,199999.96875,175864.0,70298.296875,199999.96875,199999.96875,-0.7995449000308383,3
102.508,-13045.5029296875,199999.96875,199999.96875,175994.46875,70564.5859375,199999.96875,199999.96875,-0.7955449000308477,3
102.512,-12849.09375,199999.96875,199999.96875,176769.84375,71164.0390625,199999.96875,199999.96875,-0.7915449000308428,3
102.516,-12559.9404296875,199999.96875,199999.96875,176769.09375,70940.4765625,199999.96875,199999.96875,-0.7875449000308379,3
102.52,-12688.4951171875,199999.96875,199999.96875,175928.46875,70344.9609375,199999.96875,199999.96875,-0.7835449000308472,3
102.524,-12993.4091796875,199999.96875,199999.96875,175917.828125,70486.359375,199999.96875,199999.96875,-0.7795449000308423,3
102.528,-12895.7998046875,199999.96875,199999.96875,176686.96875,71125.5625,199999.96875,199999.96875,-0.7755449000308374,3
102.532,-12567.115234375,199999.96875,199999.96875,176863.09375,71038.7265625,199999.96875,199999.96875,-0.7715449000308467,3
102.536,-12601.208984375,199999.96875,199999.96875,176042.953125,70427.5390625,199999.96875,199999.96875,-0.7675449000308419,3
102.54,-12921.287109375,199999.96875,199999.96875,175865.34375,70427.9765625,199999.96875,199999.96875,-0.763544900030837,3
102.544,-12932.9921875,199999.96875,199999.96875,176578.828125,71054.5625,199999.96875,199999.96875,-0.7595449000308463,3
102.548,-12595.701171875,199999.96875,199999.96875,176905.375,71111.484375,199999.96875,199999.96875,-0.7555449000308414,3
102.552,-12522.912109375,199999.96875,199999.96875,176190.59375,70536.359375,199999.96875,199999.96875,-0.7515449000308365,3
102.556,-12846.8515625,199999.96875,199999.96875,175846.453125,70391.3359375,199999.96875,199999.96875,-0.7475449000308458,3
102.56,-12966.966796875,199999.96875,199999.96875,176431.375,70952.3359375,199999.96875,199999.96875,-0.743544900030841,3
102.564,-12622.6923828125,199999.96875,199999.96875,176903.171875,71168.6875,199999.96875,199999.96875,-0.7395449000308503,3
102.568,-12465.5498046875,199999.96875,199999.96875,176359.21875,70666.9375,199999.96875,199999.96875,-0.7355449000308454,3
102.572,-12777.7578125,199999.96875,199999.96875,175849.5,70369.6640625,199999.96875,199999.96875,-0.7315449000308405,3
102.576,-12966.8486328125,199999.96875,199999.96875,176281.078125,70844.75,199999.96875,199999.96875,-0.7275449000308498,3
102.58,-12645.435546875,199999.96875,199999.96875,176900.75,71220.234375,199999.96875,199999.96875,-0.7235449000308449,3
102.584,-12426.5205078125,199999.96875,199999.96875,176532.34375,70791.7109375,199999.96875,199999.96875,-0.71954490003084,3
102.588,-12709.5234375,199999.96875,199999.96875,175870.96875,70363.4140625,199999.96875,199999.96875,-0.7155449000308494,3
102.592,-12943.984375,199999.96875,199999.96875,176147.046875,70744.875,199999.96875,199999.96875,-0.7115449000308445,3
102.596,-12672.734375,199999.96875,199999.96875,176876.578125,71247.4375,199999.96875,199999.96875,-0.7075449000308396,3
102.6,-12407.4716796875,199999.96875,199999.96875,176688.09375,70918.296875,199999.96875,199999.96875,-0.7035449000308489,3
102.604,-12637.091796875,199999.96875,199999.96875,175896.46875,70374.75,199999.96875,199999.96875,-0.699544900030844,3
102.608,-12903.453125,199999.96875,199999.96875,176040.21875,70649.9140625,199999.96875,199999.96875,-0.6955449000308391,3
102.612,-12712.169921875,199999.96875,199999.96875,176812.625,71243.671875,199999.96875,199999.96875,-0.6915449000308485,3
102.616,-12411.833984375,199999.96875,199999.96875,176817.578125,71029.3359375,199999.96875,199999.96875,-0.6875449000308436,3
102.62,-12553.8125,199999.96875,199999.96875,175967.046875,70425.5390625,199999.96875,199999.96875,-0.6835449000308387,3
102.624,-12850.5966796875,199999.96875,199999.96875,175957.71875,70565.9375,199999.96875,199999.96875,-0.679544900030848,3
102.628,-12748.0517578125,199999.96875,199999.96875,176733.171875,71209.9140625,199999.96875,199999.96875,-0.6755449000308431,3
102.632,-12423.6357421875,199999.96875,199999.96875,176909.375,71124.2109375,199999.96875,199999.96875,-0.6715449000308382,3
102.636,-12466.359375,199999.96875,199999.96875,176085.59375,70504.421875,199999.96875,199999.96875,-0.6675449000308475,3
102.64,-12779.3095703125,199999.96875,199999.96875,175911.5,70507.484375,199999.96875,199999.96875,-0.6635449000308427,3
102.644,-12786.1513671875,199999.96875,199999.96875,176624.453125,71141.5,199999.96875,199999.96875,-0.6595449000308378,3
102.648,-12460.662109375,199999.96875,199999.96875,176945.0,71191.546875,199999.96875,199999.96875,-0.6555449000308471,3
102.652,-12390.185546875,199999.96875,199999.96875,176230.0,70612.1484375,199999.96875,199999.96875,-0.6515449000308422,3
102.656,-12706.3046875,199999.96875,199999.96875,175894.09375,70475.2265625,199999.96875,199999.96875,-0.6475449000308373,3
102.66,-12819.7451171875,199999.96875,199999.96875,176478.453125,71040.5234375,199999.96875,199999.96875,-0.6435449000308466,3
102.664,-12489.4638671875,199999.96875,199999.96875,176948.796875,71248.5859375,199999.96875,199999.96875,-0.6395449000308417,3
102.668,-12321.7109375,199999.96875,199999.96875,176411.953125,70749.9765625,199999.96875,199999.96875,-0.6355449000308369,3
102.672,-12638.1875,199999.96875,199999.96875,175895.578125,70450.875,199999.96875,199999.96875,-0.6315449000308462,3
102.676,-12817.646484375,199999.96875,199999.96875,176333.828125,70936.4375,199999.96875,199999.96875,-0.6275449000308413,3
102.68,-12509.3720703125,199999.96875,199999.96875,176939.75,71292.9609375,199999.96875,199999.96875,-0.6235449000308364,3
102.684,-12285.662109375,199999.96875,199999.96875,176582.09375,70877.3515625,199999.96875,199999.96875,-0.6195449000308457,3
102.688,-12563.4921875,199999.96875,199999.96875,175920.671875,70443.984375,199999.96875,199999.96875,-0.6155449000308408,3
102.692,-12796.521484375,199999.96875,199999.96875,176199.75,70831.796875,199999.96875,199999.96875,-0.6115449000308502,3
102.696,-12541.724609375,199999.96875,199999.96875,176913.21875,71320.375,199999.96875,199999.96875,-0.6075449000308453,3
102.7,-12266.375,199999.96875,199999.96875,176735.203125,70999.0,199999.96875,199999.96875,-0.6035449000308404,3
102.704,-12489.8671875,199999.96875,199999.96875,175954.828125,70463.296875,199999.96875,199999.96875,-0.5995449000308497,3
102.708,-12768.818359375,199999.96875,199999.96875,176081.703125,70726.1484375,199999.96875,199999.96875,-0.5955449000308448,3
102.712,-12574.7939453125,199999.96875,199999.96875,176851.875,71324.5234375,199999.96875,199999.96875,-0.5915449000308399,3
102.716,-12274.7919921875,199999.96875,199999.96875,176861.625,71109.5390625,199999.96875,199999.96875,-0.5875449000308492,3
102.72,-12411.427734375,199999.96875,199999.96875,176019.59375,70509.2265625,199999.96875,199999.96875,-0.5835449000308444,3
102.724,-12726.1640625,199999.96875,199999.96875,175991.34375,70641.7890625,199999.96875,199999.96875,-0.5795449000308395,3
102.728,-12615.3955078125,199999.96875,199999.96875,176761.671875,71288.5625,199999.96875,199999.96875,-0.5755449000308488,3
102.732,-12293.1015625,199999.96875,199999.96875,176939.078125,71202.9765625,199999.96875,199999.96875,-0.5715449000308439,3
102.736,-12328.505859375,199999.96875,199999.96875,176130.921875,70590.9140625,199999.96875,199999.96875,-0.567544900030839,3
102.74,-12644.625,199999.96875,199999.96875,175949.96875,70592.2734375,199999.96875,199999.96875,-0.5635449000308483,3
102.744,-12653.4248046875,199999.96875,199999.96875,176649.46875,71223.0625,199999.96875,199999.96875,-0.5595449000308435,3
102.748,-12325.693359375,199999.96875,199999.96875,176978.75,71274.8359375,199999.96875,199999.96875,-0.5555449000308386,3
102.752,-12249.9248046875,199999.96875,199999.96875,176283.921875,70701.9609375,199999.96875,199999.96875,-0.5515449000308479,3
102.756,-12586.2373046875,199999.96875,199999.96875,175927.75,70548.671875,199999.96875,199999.96875,-0.547544900030843,3
102.76,-12693.287109375,199999.96875,199999.96875,176500.125,71118.0,199999.96875,199999.96875,-0.5435449000308381,3
102.764,-12356.734375,199999.96875,199999.96875,176977.203125,71331.7734375,199999.96875,199999.96875,-0.5395449000308474,3
102.768,-12204.7919921875,199999.96875,199999.96875,176454.203125,70825.4609375,199999.96875,199999.96875,-0.5355449000308425,3
102.772,-12524.701171875,199999.96875,199999.96875,175933.625,70523.1484375,199999.96875,199999.96875,-0.5315449000308377,3
102.776,-12702.2529296875,199999.96875,199999.96875,176352.203125,71013.5859375,199999.96875,199999.96875,-0.527544900030847,3
102.78,-12392.3310546875,199999.96875,199999.96875,176967.0,71382.359375,199999.96875,199999.96875,-0.5235449000308421,3
102.784,-12183.2392578125,199999.96875,199999.96875,176627.59375,70953.5390625,199999.96875,199999.96875,-0.5195449000308372,3
102.788,-12461.0205078125,199999.96875,199999.96875,175976.84375,70523.9140625,199999.96875,199999.96875,-0.5155449000308465,3
102.792,-12698.5810546875,199999.96875,199999.96875,176226.703125,70907.9609375,199999.96875,199999.96875,-0.5115449000308416,3
102.796,-12432.7919921875,199999.96875,199999.96875,176939.046875,71411.25,199999.96875,199999.96875,-0.5075449000308367,3
102.8,-12180.4248046875,199999.96875,199999.96875,176786.671875,71076.109375,199999.96875,199999.96875,-0.5035449000308461,3
102.804,-12402.34375,199999.96875,199999.96875,176032.75,70542.859375,199999.96875,199999.96875,-0.4995449000308412,3
102.808,-12678.9580078125,199999.96875,199999.96875,176132.625,70811.9765625,199999.96875,199999.96875,-0.4955449000308363,3
102.812,-12489.9169921875,199999.96875,199999.96875,176878.578125,71412.421875,199999.96875,199999.96875,-0.4915449000308456,3
102.816,-12209.3935546875,199999.96875,199999.96875,176918.328125,71188.6484375,199999.96875,199999.96875,-0.4875449000308407,3
102.82,-12354.0888671875,199999.96875,199999.96875,176109.203125,70588.546875,199999.96875,199999.96875,-0.48354490003085004,3
102.824,-12669.396484375,199999.96875,199999.96875,176050.0,70725.109375,199999.96875,199999.96875,-0.47954490003084516,3
102.828,-12577.84375,199999.96875,199999.96875,176766.375,71368.8515625,199999.96875,199999.96875,-0.47554490003084027,3
102.832,-12263.060546875,199999.96875,199999.96875,176982.296875,71283.0234375,199999.96875,199999.96875,-0.4715449000308496,3
102.836,-12305.8330078125,199999.96875,199999.96875,176228.171875,70670.2109375,199999.96875,199999.96875,-0.4675449000308447,3
102.84,-12628.1044921875,199999.96875,199999.96875,176021.703125,70675.1640625,199999.96875,199999.96875,-0.4635449000308398,3
102.844,-12641.9091796875,199999.96875,199999.96875,176657.546875,71305.3359375,199999.96875,199999.96875,-0.45954490003084913,3
102.848,-12307.0966796875,199999.96875,199999.96875,177029.75,71366.8515625,199999.96875,199999.96875,-0.45554490003084425,3
102.852,-12242.7236328125,199999.96875,199999.96875,176413.25,70791.671875,199999.96875,199999.96875,-0.45154490003083936,3
102.856,-12571.716796875,199999.96875,199999.96875,176042.25,70644.859375,199999.96875,199999.96875,-0.4475449000308487,3
102.86,-12694.669921875,199999.96875,199999.96875,176523.453125,71207.0859375,199999.96875,199999.96875,-0.4435449000308438,3
102.864,-12362.3154296875,199999.96875,199999.96875,177019.203125,71422.75,199999.96875,199999.96875,-0.4395449000308389,3
102.868,-12216.4033203125,199999.96875,199999.96875,176583.203125,70914.0390625,199999.96875,199999.96875,-0.4355449000308482,3
102.872,-12545.490234375,199999.96875,199999.96875,176053.96875,70614.359375,199999.96875,199999.96875,-0.43154490003084334,3
102.876,-12748.21875,199999.96875,199999.96875,176350.796875,71084.9375,199999.96875,199999.96875,-0.42754490003083845,3
102.88,-12422.7060546875,199999.96875,199999.96875,176965.921875,71470.125,199999.96875,199999.96875,-0.42354490003084777,3
102.884,-12217.498046875,199999.96875,199999.96875,176727.34375,71047.734375,199999.96875,199999.96875,-0.4195449000308429,3
102.888,-12515.474609375,199999.96875,199999.96875,176089.296875,70611.8984375,199999.96875,199999.96875,-0.415544900030838,3
102.892,-12749.029296875,199999.96875,199999.96875,176235.953125,70997.484375,199999.96875,199999.96875,-0.4115449000308473,3
102.896,-12474.2998046875,199999.96875,199999.96875,176918.84375,71508.7109375,199999.96875,199999.96875,-0.4075449000308424,3
102.9,-12218.1904296875,199999.96875,199999.96875,176878.703125,71178.8515625,199999.96875,199999.96875,-0.40354490003083754,3
102.904,-12454.84375,199999.96875,199999.96875,176158.875,70629.484375,199999.96875,199999.96875,-0.39954490003084686,3
102.908,-12717.9169921875,199999.96875,199999.96875,176159.203125,70905.5,199999.96875,199999.96875,-0.395544900030842,3
102.912,-12514.2109375,199999.96875,199999.96875,176833.046875,71508.359375,199999.96875,199999.96875,-0.3915449000308371,3
102.916,-12223.958984375,199999.96875,199999.96875,176978.84375,71294.859375,199999.96875,199999.96875,-0.3875449000308464,3
102.92,-12382.4609375,199999.96875,199999.96875,176234.5,70678.234375,199999.96875,199999.96875,-0.3835449000308415,3
102.924,-12678.099609375,199999.96875,199999.96875,176086.09375,70824.359375,199999.96875,199999.96875,-0.37954490003083663,3
102.928,-12567.234375,199999.96875,199999.96875,176692.828125,71474.3984375,199999.96875,199999.96875,-0.37554490003084595,3
102.932,-12246.013671875,199999.96875,199999.96875,176998.578125,71391.375,199999.96875,199999.96875,-0.37154490003084106,3
102.936,-12303.9267578125,199999.96875,199999.96875,176335.375,70761.796875,199999.96875,199999.96875,-0.3675449000308362,3
102.94,-12612.4404296875,199999.96875,199999.96875,176046.125,70765.046875,199999.96875,199999.96875,-0.3635449000308455,3
102.944,-12598.3251953125,199999.96875,199999.96875,176554.578125,71408.5859375,199999.96875,199999.96875,-0.3595449000308406,3
102.948,-12268.8076171875,199999.96875,199999.96875,176979.25,71464.375,199999.96875,199999.96875,-0.35554490003084993,3
102.952,-12214.4482421875,199999.96875,199999.96875,176483.21875,70881.125,199999.96875,199999.96875,-0.35154490003084504,3
102.956,-12534.357421875,199999.96875,199999.96875,176065.375,70734.546875,199999.96875,199999.96875,-0.34754490003084015,3
102.96,-12635.755859375,199999.96875,199999.96875,176412.21875,71308.234375,199999.96875,199999.96875,-0.3435449000308495,3
102.964,-12307.5986328125,199999.96875,199999.96875,176935.703125,71517.796875,199999.96875,199999.96875,-0.3395449000308446,3
102.968,-12169.2421875,199999.96875,199999.96875,176641.671875,71015.5,199999.96875,199999.96875,-0.3355449000308397,3
102.972,-12500.0966796875,199999.96875,199999.96875,176102.09375,70709.5234375,199999.96875,199999.96875,-0.331544900030849,3
102.976,-12678.3623046875,199999.96875,199999.96875,176259.875,71196.3125,199999.96875,199999.96875,-0.32754490003084413,3
102.98,-12362.8876953125,199999.96875,199999.96875,176852.546875,71573.859375,199999.96875,199999.96875,-0.32354490003083924,3
102.984,-12181.8076171875,199999.96875,199999.96875,176751.96875,71141.9375,199999.96875,199999.96875,-0.31954490003084857,3
102.988,-12489.748046875,199999.96875,199999.96875,176131.078125,70702.5859375,199999.96875,199999.96875,-0.3155449000308437,3
102.992,-12722.5419921875,199999.96875,199999.96875,176140.828125,71092.984375,199999.96875,199999.96875,-0.3115449000308388,3
102.996,-12458.826171875,199999.96875,199999.96875,176772.875,71602.5234375,199999.96875,199999.96875,-0.3075449000308481,3
103.0,-12218.0703125,199999.96875,199999.96875,176882.125,71275.9140625,199999.96875,199999.96875,-0.3035449000308432,3
103.004,-12473.0361328125,199999.96875,199999.96875,176233.59375,70727.6015625,199999.96875,199999.96875,-0.29954490003083833,3
103.008,-12751.6279296875,199999.96875,199999.96875,176117.96875,70998.359375,199999.96875,199999.96875,-0.29554490003084766,3
103.012,-12543.4169921875,199999.96875,199999.96875,176724.84375,71609.921875,199999.96875,199999.96875,-0.29154490003084277,3
103.016,-12276.005859375,199999.96875,199999.96875,177007.34375,71389.5859375,199999.96875,199999.96875,-0.2875449000308379,3
103.02,-12456.966796875,199999.96875,199999.96875,176377.171875,70778.8515625,199999.96875,199999.96875,-0.2835449000308472,3
103.024,-12777.0673828125,199999.96875,199999.96875,176139.703125,70912.3984375,199999.96875,199999.96875,-0.2795449000308423,3
103.028,-12659.7890625,199999.96875,199999.96875,176663.25,71572.8125,199999.96875,199999.96875,-0.2755449000308374,3
103.032,-12364.2705078125,199999.96875,199999.96875,177082.796875,71486.8125,199999.96875,199999.96875,-0.27154490003084675,3
103.036,-12448.5029296875,199999.96875,199999.96875,176557.96875,70863.609375,199999.96875,199999.96875,-0.26754490003084186,3
103.04,-12787.4140625,199999.96875,199999.96875,176205.34375,70855.6875,199999.96875,199999.96875,-0.26354490003083697,3
103.044,-12764.216796875,199999.96875,199999.96875,176619.953125,71507.9609375,199999.96875,199999.96875,-0.2595449000308463,3
103.048,-12447.810546875,199999.96875,199999.96875,177132.078125,71565.2109375,199999.96875,199999.96875,-0.2555449000308414,3
103.052,-12423.015625,199999.96875,199999.96875,176776.203125,70980.2890625,199999.96875,199999.96875,-0.2515449000308365,3
103.056,-12771.130859375,199999.96875,199999.96875,176333.328125,70822.859375,199999.96875,199999.96875,-0.24754490003084584,3
103.06,-12853.3623046875,199999.96875,199999.96875,176571.84375,71405.671875,199999.96875,199999.96875,-0.24354490003084095,3
103.064,-12520.7919921875,199999.96875,199999.96875,177153.078125,71625.5625,199999.96875,199999.96875,-0.23954490003085027,3
103.068,-12417.984375,199999.96875,199999.96875,176995.296875,71112.421875,199999.96875,199999.96875,-0.23554490003084538,3
103.072,-12766.4111328125,199999.96875,199999.96875,176457.0,70803.2265625,199999.96875,199999.96875,-0.2315449000308405,3
103.076,-12930.560546875,199999.96875,199999.96875,176524.796875,71299.484375,199999.96875,199999.96875,-0.22754490003084982,3
103.08,-12612.4404296875,199999.96875,199999.96875,177141.703125,71680.6015625,199999.96875,199999.96875,-0.22354490003084493,3
103.084,-12448.216796875,199999.96875,199999.96875,177168.625,71245.8125,199999.96875,199999.96875,-0.21954490003084004,3
103.088,-12761.1640625,199999.96875,199999.96875,176579.078125,70803.375,199999.96875,199999.96875,-0.21554490003084936,3
103.092,-12969.732421875,199999.96875,199999.96875,176496.328125,71197.1640625,199999.96875,199999.96875,-0.21154490003084447,3
103.096,-12682.4638671875,199999.96875,199999.96875,177099.96875,71713.734375,199999.96875,199999.96875,-0.20754490003083959,3
103.1,-12463.6435546875,199999.96875,199999.96875,177300.125,71372.296875,199999.96875,199999.96875,-0.2035449000308489,3
103.104,-12718.677734375,199999.96875,199999.96875,176684.59375,70825.7109375,199999.96875,199999.96875,-0.19954490003084402,3
103.108,-12972.6669921875,199999.96875,199999.96875,176476.59375,71095.6640625,199999.96875,199999.96875,-0.19554490003083913,3
103.112,-12731.21875,199999.96875,199999.96875,177019.625,71714.7734375,199999.96875,199999.96875,-0.19154490003084845,3
103.116,-12466.5986328125,199999.96875,199999.96875,177358.921875,71487.984375,199999.96875,199999.96875,-0.18754490003084356,3
103.12,-12638.021484375,199999.96875,199999.96875,176766.375,70879.4140625,199999.96875,199999.96875,-0.18354490003083868,3
103.124,-12915.0888671875,199999.96875,199999.96875,176444.046875,71020.1640625,199999.96875,199999.96875,-0.179544900030848,3
103.128,-12754.6796875,199999.96875,199999.96875,176865.34375,71677.6015625,199999.96875,199999.96875,-0.1755449000308431,3
103.132,-12424.255859375,199999.96875,199999.96875,177308.34375,71589.859375,199999.96875,199999.96875,-0.17154490003083822,3
103.136,-12487.5546875,199999.96875,199999.96875,176805.296875,70962.2734375,199999.96875,199999.96875,-0.16754490003084754,3
103.14,-12769.4609375,199999.96875,199999.96875,176372.21875,70958.046875,199999.96875,199999.96875,-0.16354490003084265,3
103.144,-12690.591796875,199999.96875,199999.96875,176650.375,71599.25,199999.96875,199999.96875,-0.15954490003083777,3
103.148,-12317.1591796875,199999.96875,199999.96875,177154.296875,71664.234375,199999.96875,199999.96875,-0.1555449000308471,3
103.152,-12260.4609375,199999.96875,199999.96875,176819.453125,71079.1875,199999.96875,199999.96875,-0.1515449000308422,3
103.156,-12553.9560546875,199999.96875,199999.96875,176304.75,70922.046875,199999.96875,199999.96875,-0.1475449000308373,3
103.16,-12584.3544921875,199999.96875,199999.96875,176404.375,71488.671875,199999.96875,199999.96875,-0.14354490003084663,3
103.164,-12181.974609375,199999.96875,199999.96875,176961.953125,71724.8359375,199999.96875,199999.96875,-0.13954490003084175,3
103.168,-12048.6748046875,199999.96875,199999.96875,176819.953125,71207.0859375,199999.96875,199999.96875,-0.13554490003083686,3
103.172,-12348.890625,199999.96875,199999.96875,176226.796875,70894.8984375,199999.96875,199999.96875,-0.13154490003084618,3
103.176,-12454.271484375,199999.96875,199999.96875,176161.71875,71381.4765625,199999.96875,199999.96875,-0.1275449000308413,3
103.18,-12068.1298828125,199999.96875,199999.96875,176725.828125,71768.1015625,199999.96875,199999.96875,-0.1235449000308364,3
103.184,-11871.3154296875,199999.96875,199999.96875,176768.578125,71336.2734375,199999.96875,199999.96875,-0.11954490003084572,3
103.188,-12159.5859375,199999.96875,199999.96875,176134.75,70886.609375,199999.96875,199999.96875,-0.11554490003084084,3
103.192,-12311.8173828125,199999.96875,199999.96875,175944.59375,71272.7890625,199999.96875,199999.96875,-0.11154490003085016,3
103.196,-11962.8203125,199999.96875,199999.96875,176483.34375,71789.8125,199999.96875,199999.96875,-0.10754490003084527,3
103.2,-11716.271484375,199999.96875,199999.96875,176695.71875,71455.9140625,199999.96875,199999.96875,-0.10354490003084038,3
103.204,-11968.1845703125,199999.96875,199999.96875,176053.421875,70892.6875,199999.96875,199999.96875,-0.0995449000308497,3
103.208,-12168.9091796875,199999.96875,199999.96875,175762.21875,71164.6875,199999.96875,199999.96875,-0.09554490003084481,3
103.212,-11883.8330078125,199999.96875,199999.96875,176235.546875,71780.046875,199999.96875,199999.96875,-0.09154490003083993,3
103.216,-11596.3720703125,199999.96875,199999.96875,176596.921875,71560.546875,199999.96875,199999.96875,-0.08754490003084925,3
103.22,-11776.662109375,199999.96875,199999.96875,176006.953125,70938.375,199999.96875,199999.96875,-0.08354490003084436,3
103.224,-12023.2841796875,199999.96875,199999.96875,175637.21875,71079.609375,199999.96875,199999.96875,-0.07954490003083947,3
103.228,-11830.044921875,199999.96875,199999.96875,176005.125,71735.7265625,199999.96875,199999.96875,-0.0755449000308488,3
103.232,-11505.1279296875,199999.96875,199999.96875,176477.453125,71653.984375,199999.96875,199999.96875,-0.0715449000308439,3
103.236,-11600.3515625,199999.96875,199999.96875,176006.34375,71016.4375,199999.96875,199999.96875,-0.06754490003083902,3
103.24,-11877.490234375,199999.96875,199999.96875,175565.046875,71017.25,199999.96875,199999.96875,-0.06354490003084834,3
103.244,-11786.390625,199999.96875,199999.96875,175813.71875,71662.6484375,199999.96875,199999.96875,-0.05954490003084345,3
103.248,-11062.8388671875,199999.96875,199999.96875,176621.0,72095.609375,199999.96875,199999.96875,-0.05554490003083856,3
103.252,-11784.8408203125,199999.96875,199999.96875,175695.375,70772.8984375,199999.96875,199999.96875,-0.051544900030847884,3
103.256,-11734.390625,199999.96875,199999.96875,175541.09375,70975.4765625,199999.96875,199999.96875,-0.047544900030842996,3
103.26,-11735.4892578125,199999.96875,199999.96875,175497.921875,71562.2265625,199999.96875,199999.96875,-0.04354490003083811,3
103.264,-11402.154296875,199999.96875,199999.96875,176172.0,71763.75,199999.96875,199999.96875,-0.03954490003084743,3
103.268,-10910.201171875,199999.96875,199999.96875,176351.921875,71630.484375,199999.96875,199999.96875,-0.03554490003084254,3
103.272,-11975.4326171875,199999.96875,199999.96875,175139.328125,70584.2890625,199999.96875,199999.96875,-0.03154490003083765,3
103.276,-11712.3623046875,199999.96875,199999.96875,175429.84375,71433.046875,199999.96875,199999.96875,-0.027544900030846975,3
103.28,-11332.0361328125,199999.96875,199999.96875,175916.421875,71828.125,199999.96875,199999.96875,-0.023544900030842086,3
103.284,-11187.3408203125,199999.96875,199999.96875,176094.546875,71383.2890625,199999.96875,199999.96875,-0.019544900030837198,3
103.288,-11110.1640625,199999.96875,199999.96875,175758.84375,71308.046875,199999.96875,199999.96875,-0.01554490003084652,3
103.292,-12001.7548828125,199999.96875,199999.96875,174935.25,70964.1015625,199999.96875,199999.96875,-0.011544900030841632,3
103.296,-11311.6044921875,199999.96875,199999.96875,175845.84375,71834.6015625,199999.96875,199999.96875,-0.007544900030836743,3
103.3,-11061.4560546875,199999.96875,199999.96875,176004.21875,71525.5,199999.96875,199999.96875,-0.0035449000308460654,3
103.304,-11350.2265625,199999.96875,199999.96875,175501.578125,70950.2109375,199999.96875,199999.96875,0.0004550999691588231,3
103.308,-11184.4560546875,199999.96875,199999.96875,175490.578125,71587.234375,199999.96875,199999.96875,0.004455099969163712,3
103.312,-11642.8623046875,199999.96875,199999.96875,175325.125,71477.25,199999.96875,199999.96875,0.00845509996915439,3
103.316,-11019.4921875,199999.96875,199999.96875,176081.375,71617.125,199999.96875,199999.96875,0.012455099969159278,3
103.32,-11192.060546875,199999.96875,199999.96875,175455.0,71012.9609375,199999.96875,199999.96875,0.016455099969149956,3
103.324,-11483.8125,199999.96875,199999.96875,175142.09375,71125.2109375,199999.96875,199999.96875,0.020455099969154844,3
103.328,-10905.4345703125,199999.96875,199999.96875,175808.71875,72161.125,199999.96875,199999.96875,0.024455099969159733,3
103.332,-11336.1376953125,199999.96875,199999.96875,175654.328125,71351.4609375,199999.96875,199999.96875,0.02845509996915041,3
103.336,-11084.6298828125,199999.96875,199999.96875,175570.453125,71078.2890625,199999.96875,199999.96875,0.0324550999691553,3
103.34,-11363.6015625,199999.96875,199999.96875,175034.578125,71077.75,199999.96875,199999.96875,0.03645509996916019,3
103.344,-11291.671875,199999.96875,199999.96875,175364.59375,71709.921875,199999.96875,199999.96875,0.040455099969150865,3
103.348,-10579.8017578125,199999.96875,199999.96875,176173.171875,72144.25,199999.96875,199999.96875,0.044455099969155754,3
103.352,-11312.5810546875,199999.96875,199999.96875,175293.703125,70835.2890625,199999.96875,199999.96875,0.04845509996916064,3
103.356,-11285.4501953125,199999.96875,199999.96875,175143.328125,71026.4609375,199999.96875,199999.96875,0.05245509996915132,3
103.36,-11276.7001953125,199999.96875,199999.96875,175143.84375,71621.6484375,199999.96875,199999.96875,0.05645509996915621,3
103.364,-10949.6376953125,199999.96875,199999.96875,175799.21875,71827.296875,199999.96875,199999.96875,0.0604550999691611,3
103.368,-10493.6142578125,199999.96875,199999.96875,175989.328125,71683.3515625,199999.96875,199999.96875,0.06445509996915177,3
103.372,-11557.4609375,199999.96875,199999.96875,174810.71875,70645.8359375,199999.96875,199999.96875,0.06845509996915666,3
103.376,-11293.6279296875,199999.96875,199999.96875,175104.71875,71494.25,199999.96875,199999.96875,0.07245509996916155,3
103.38,-10913.826171875,199999.96875,199999.96875,175623.875,71892.171875,199999.96875,199999.96875,0.07645509996915223,3
103.384,-10803.318359375,199999.96875,199999.96875,175800.078125,71440.296875,199999.96875,199999.96875,0.08045509996915712,3
103.388,-10737.515625,199999.96875,199999.96875,175498.34375,71362.8125,199999.96875,199999.96875,0.084455099969162,3
103.392,-11629.84375,199999.96875,199999.96875,174672.0,71024.6015625,199999.96875,199999.96875,0.08845509996915268,3
103.396,-10942.6748046875,199999.96875,199999.96875,175595.171875,71902.2109375,199999.96875,199999.96875,0.09245509996915757,3
103.4,-10723.591796875,199999.96875,199999.96875,175766.703125,71582.9375,199999.96875,199999.96875,0.09645509996916246,3
103.404,-11021.4482421875,199999.96875,199999.96875,175267.703125,71007.734375,199999.96875,199999.96875,0.10045509996915314,3
103.408,-10862.4716796875,199999.96875,199999.96875,175286.671875,71644.421875,199999.96875,199999.96875,0.10445509996915803,3
103.412,-11318.326171875,199999.96875,199999.96875,175112.671875,71539.7734375,199999.96875,199999.96875,0.10845509996916292,3
103.416,-10725.6669921875,199999.96875,199999.96875,175870.171875,71670.5625,199999.96875,199999.96875,0.1124550999691536,3
103.42,-10904.8388671875,199999.96875,199999.96875,175247.953125,71070.4140625,199999.96875,199999.96875,0.11645509996915848,3
103.424,-11197.0205078125,199999.96875,199999.96875,174956.578125,71184.234375,199999.96875,199999.96875,0.12045509996916337,3
103.428,-10629.8466796875,199999.96875,199999.96875,175603.5,72214.9375,199999.96875,199999.96875,0.12445509996915405,3
103.432,-11067.390625,199999.96875,199999.96875,175489.421875,71412.0625,199999.96875,199999.96875,0.12845509996915894,3
103.436,-10825.896484375,199999.96875,199999.96875,175414.046875,71139.2265625,199999.96875,199999.96875,0.13245509996916383,3
103.44,-11104.203125,199999.96875,199999.96875,174906.671875,71142.8515625,199999.96875,199999.96875,0.1364550999691545,3
103.444,-11047.2939453125,199999.96875,199999.96875,175228.96875,71765.7890625,199999.96875,199999.96875,0.1404550999691594,3
103.448,-10339.474609375,199999.96875,199999.96875,176059.828125,72206.4140625,199999.96875,199999.96875,0.14445509996915007,3
103.452,-11079.1455078125,199999.96875,199999.96875,175187.296875,70898.5625,199999.96875,199999.96875,0.14845509996915496,3
103.456,-11050.0107421875,199999.96875,199999.96875,175051.25,71095.1875,199999.96875,199999.96875,0.15245509996915985,3
103.46,-11053.873046875,199999.96875,199999.96875,175057.84375,71679.0625,199999.96875,199999.96875,0.15645509996915052,3
103.464,-10728.4326171875,199999.96875,199999.96875,175718.828125,71890.6875,199999.96875,199999.96875,0.1604550999691554,3
103.468,-10276.0078125,199999.96875,199999.96875,175947.328125,71747.3359375,199999.96875,199999.96875,0.1644550999691603,3
103.472,-11342.1220703125,199999.96875,199999.96875,174751.296875,70712.9609375,199999.96875,199999.96875,0.16845509996915098,3
103.476,-11095.5498046875,199999.96875,199999.96875,175040.125,71548.7890625,199999.96875,199999.96875,0.17245509996915587,3
103.48,-10716.1533203125,199999.96875,199999.96875,175548.703125,71955.734375,199999.96875,199999.96875,0.17645509996916076,3
103.484,-10601.8076171875,199999.96875,199999.96875,175748.625,71506.9140625,199999.96875,199999.96875,0.18045509996915143,3
103.488,-10553.3125,199999.96875,199999.96875,175453.46875,71421.4375,199999.96875,199999.96875,0.18445509996915632,3
103.492,-11439.466796875,199999.96875,199999.96875,174624.46875,71086.5,199999.96875,199999.96875,0.1884550999691612,3
103.496,-10748.171875,199999.96875,199999.96875,175552.578125,71967.7734375,199999.96875,199999.96875,0.1924550999691519,3
103.5,-10529.9013671875,199999.96875,199999.96875,175752.828125,71653.9765625,199999.96875,199999.96875,0.19645509996915678,3
103.504,-10842.1328125,199999.96875,199999.96875,175230.953125,71071.5,199999.96875,199999.96875,0.20045509996916167,3
103.508,-10678.1484375,199999.96875,199999.96875,175238.125,71707.8984375,199999.96875,199999.96875,0.20445509996915234,3
103.512,-11129.404296875,199999.96875,199999.96875,175099.34375,71610.5390625,199999.96875,199999.96875,0.20845509996915723,3
103.516,-10529.4951171875,199999.96875,199999.96875,175869.125,71750.5,199999.96875,199999.96875,0.21245509996916212,3
103.52,-10726.1669921875,199999.96875,199999.96875,175237.375,71138.6484375,199999.96875,199999.96875,0.2164550999691528,3
103.524,-11007.6201171875,199999.96875,199999.96875,174959.453125,71255.2109375,199999.96875,199999.96875,0.2204550999691577,3
103.528,-10439.3017578125,199999.96875,199999.96875,175631.0,72287.4765625,199999.96875,199999.96875,0.22445509996916257,3
103.532,-10872.53125,199999.96875,199999.96875,175502.34375,71491.2109375,199999.96875,199999.96875,0.22845509996915325,3
103.536,-10648.7998046875,199999.96875,199999.96875,175421.578125,71208.9140625,199999.96875,199999.96875,0.23245509996915814,3
103.54,-10913.1826171875,199999.96875,199999.96875,174922.796875,71219.7109375,199999.96875,199999.96875,0.23645509996916303,3
103.544,-10849.90625,199999.96875,199999.96875,175248.328125,71842.984375,199999.96875,199999.96875,0.2404550999691537,3
103.548,-10157.2294921875,199999.96875,199999.96875,176049.578125,72272.375,199999.96875,199999.96875,0.2444550999691586,3
103.552,-10895.6826171875,199999.96875,199999.96875,175187.125,70973.6484375,199999.96875,199999.96875,0.24845509996916348,3
103.556,-10862.0185546875,199999.96875,199999.96875,175050.203125,71169.0234375,199999.96875,199999.96875,0.25245509996915416,3
103.56,-10849.5234375,199999.96875,199999.96875,175111.5,71749.9140625,199999.96875,199999.96875,0.25645509996915905,3
103.564,-10532.7138671875,199999.96875,199999.96875,175784.75,71954.7109375,199999.96875,199999.96875,0.26045509996914973,3
103.568,-10098.21875,199999.96875,199999.96875,175917.546875,71823.0,199999.96875,199999.96875,0.2644550999691546,3
103.572,-11157.513671875,199999.96875,199999.96875,174713.96875,70790.3125,199999.96875,199999.96875,0.2684550999691595,3
103.576,-10881.8076171875,199999.96875,199999.96875,175113.671875,71622.0234375,199999.96875,199999.96875,0.2724550999691502,3
103.58,-10508.943359375,199999.96875,199999.96875,175659.625,72016.9609375,199999.96875,199999.96875,0.27645509996915507,3
103.584,-10410.3095703125,199999.96875,199999.96875,175749.59375,71584.796875,199999.96875,199999.96875,0.28045509996915996,3
103.588,-10366.5361328125,199999.96875,199999.96875,175415.625,71498.8984375,199999.96875,199999.96875,0.28445509996915064,3
103.592,-11230.875,199999.96875,199999.96875,174687.21875,71165.609375,199999.96875,199999.96875,0.2884550999691555,3
103.596,-10550.09375,199999.96875,199999.96875,175664.09375,72028.1015625,199999.96875,199999.96875,0.2924550999691604,3
103.6,-10344.6015625,199999.96875,199999.96875,175792.828125,71726.484375,199999.96875,199999.96875,0.2964550999691511,3
103.604,-10666.7529296875,199999.96875,199999.96875,175240.671875,71150.0234375,199999.96875,199999.96875,0.300455099969156,3
103.608,-10504.6044921875,199999.96875,199999.96875,175289.046875,71774.171875,199999.96875,199999.96875,0.30445509996916087,3
103.612,-10946.703125,199999.96875,199999.96875,175192.421875,71680.4609375,199999.96875,199999.96875,0.30845509996915155,3
103.616,-10360.9580078125,199999.96875,199999.96875,175950.296875,71819.921875,199999.96875,199999.96875,0.31245509996915644,3
103.62,-10559.703125,199999.96875,199999.96875,175334.21875,71210.5859375,199999.96875,199999.96875,0.3164550999691613,3
103.624,-10861.5419921875,199999.96875,199999.96875,175047.46875,71318.5859375,199999.96875,199999.96875,0.320455099969152,3
103.628,-10295.4873046875,199999.96875,199999.96875,175690.828125,72350.625,199999.96875,199999.96875,0.3244550999691569,3
103.632,-10736.4189453125,199999.96875,199999.96875,175613.171875,71562.0859375,199999.96875,199999.96875,0.3284550999691618,3
103.636,-10512.685546875,199999.96875,199999.96875,175546.71875,71280.7734375,199999.96875,199999.96875,0.33245509996915246,3
103.64,-10804.0341796875,199999.96875,199999.96875,175041.953125,71277.8359375,199999.96875,199999.96875,0.33645509996915735,3
103.644,-10743.7861328125,199999.96875,199999.96875,175379.296875,71912.7734375,199999.96875,199999.96875,0.34045509996916223,3
103.648,-10056.185546875,199999.96875,199999.96875,176208.796875,72344.6015625,199999.96875,199999.96875,0.3444550999691529,3
103.652,-10796.2626953125,199999.96875,199999.96875,175374.59375,71049.375,199999.96875,199999.96875,0.3484550999691578,3
103.656,-10788.9423828125,199999.96875,199999.96875,175235.71875,71229.796875,199999.96875,199999.96875,0.3524550999691627,3
103.66,-10791.349609375,199999.96875,199999.96875,175259.09375,71825.046875,199999.96875,199999.96875,0.35645509996915337,3
103.664,-10478.3076171875,199999.96875,199999.96875,175936.546875,72038.171875,199999.96875,199999.96875,0.36045509996915825,3
103.668,0.0,0.0,0.0,0.0,0.0,0.0,0.0,0.36445509996916314,3
