location,corrAns,thisN,thisTrialN,thisRepN,response_2.keys,response_2.corr,response_2.rt,response_2.duration,trials.thisRepN,trials.thisTrialN,trials.thisN,trials.thisIndex,thisRow.t,notes,piloting,Instructions_2.started,instructions_2.started,key_resp_2.started,Instructions_2.stopped,key_resp_2.keys,key_resp_2.rt,key_resp_2.duration,Fixation.started,fixation_1.started,fixation_1.stopped,Fixation.stopped,N_back_2_trials.started,grid_lines_2.started,target_square_2.started,response_2.started,fixation_3.started,target_square_2.stopped,fixation_3.stopped,N_back_2_trials.stopped,trials.response_2.keys,trials.response_2.corr,LIFU_marker,LSL_Time,grid_lines_2.stopped,response_2.stopped,trials.response_2.rt,trials.response_2.duration,End.started,thank_you.started,thank_you.stopped,End.stopped,participant,session,date,expName,expVersion,psychopyVersion,frameRate,expStart,
,,,,,,,,,,,,,,,False,0.006872899946756661,0.01655669999308884,0.01655669999308884,73.74444919999223,space,73.7226621999871,None,,,,,,,,,,,,,,,,,,,,,,,,,active,001,2026-06-24_14h48.01.493,untitled,,2026.1.3,115.35954687929066,2026-06-24 14h48.01.784305 -0700,
,,,,,,,,,,,,,,,,,,,,,,,73.7445784000447,73.75612439995166,74.77196649997495,74.74101180001162,,,,,,,,,,,,,,,,,,,,,active,001,2026-06-24_14h48.01.493,untitled,,2026.1.3,115.35954687929066,2026-06-24 14h48.01.784305 -0700,
"[0, 0]",None,0,0,0,None,1,,,0,0,0,0,74.77196649997495,,,,,,,,,,,,,,74.76011479995213,74.77196649997495,74.77196649997495,74.77196649997495,75.73676700005308,75.76199240004644,76.7279097000137,76.74518009996973,None,1,1.0,1002278.9366493,,,,,,,,,active,001,2026-06-24_14h48.01.493,untitled,,2026.1.3,115.35954687929066,2026-06-24 14h48.01.784305 -0700,
"[0.2, 0]",None,1,1,0,None,1,,,0,1,1,1,76.75335410004482,,,,,,,,,,,,,,76.74636790005025,76.75335410004482,76.75335410004482,76.75335410004482,77.73623489995953,77.744757700013,78.72834849997889,78.73706459999084,None,1,None,1002280.9229025,78.74410150002223,78.74410150002223,,,,,,,active,001,2026-06-24_14h48.01.493,untitled,,2026.1.3,115.35954687929066,2026-06-24 14h48.01.784305 -0700,
"[-0.2, 0.2]",None,2,2,0,None,1,,,0,2,2,2,78.74410150002223,,,,,,,,,,,,,,78.73777350003365,78.74410150002223,78.74410150002223,78.74410150002223,79.73660259996541,79.73660259996541,80.72855130000971,80.72932070004754,None,1,0.0,1002282.9143882,80.73685410001781,80.73685410001781,,,,,,,active,001,2026-06-24_14h48.01.493,untitled,,2026.1.3,115.35954687929066,2026-06-24 14h48.01.784305 -0700,
"[-0.2, 0]",None,3,3,0,None,1,,,0,3,3,3,80.73685410001781,,,,,,,,,,,,,,80.7307236000197,80.73685410001781,80.73685410001781,80.73685410001781,81.73743520001881,81.72903499996755,82.72793860000093,82.7204325000057,None,1,None,1002284.9072942,82.72793860000093,82.72793860000093,,,,,,,active,001,2026-06-24_14h48.01.493,untitled,,2026.1.3,115.35954687929066,2026-06-24 14h48.01.784305 -0700,
"[-0.2, 0.2]",space,4,4,0,None,0,,,0,4,4,4,82.72793860000093,,,,,,,,,,,,,,82.72097809996922,82.73804419999942,82.73804419999942,82.73804419999942,83.73672559997067,83.73672559997067,84.72904150001705,84.72965330001898,None,0,None,1002286.8976126,84.73729329998605,84.73729329998605,,,,,,,active,001,2026-06-24_14h48.01.493,untitled,,2026.1.3,115.35954687929066,2026-06-24 14h48.01.784305 -0700,
"[0.2, -0.2]",None,5,5,0,None,1,,,0,5,5,5,84.73729329998605,,,,,,,,,,,,,,84.73022180004045,84.73729329998605,84.73729329998605,84.73729329998605,85.73742290004157,85.72822569997516,86.72811789996922,86.72075189999305,None,1,None,1002288.9068334,86.72811789996922,86.72811789996922,,,,,,,active,001,2026-06-24_14h48.01.493,untitled,,2026.1.3,115.35954687929066,2026-06-24 14h48.01.784305 -0700,
"[0, -0.2]",None,6,6,0,None,1,,,0,6,6,6,86.72811789996922,,,,,,,,,,,,,,86.72132619994227,86.73712039995007,86.73712039995007,86.73712039995007,87.7365883999737,87.7279128000373,88.72840889997315,88.72085669997614,None,1,None,1002290.8979592,88.72840889997315,88.72840889997315,,,,,,,active,001,2026-06-24_14h48.01.493,untitled,,2026.1.3,115.35954687929066,2026-06-24 14h48.01.784305 -0700,
"[0.2, 0.2]",None,7,7,0,None,1,,,0,7,7,7,88.72840889997315,,,,,,,,,,,,,,88.72163160005584,88.73679320001975,88.73679320001975,88.73679320001975,89.73678379994817,89.72817210003268,90.72859700000845,90.72259729995858,None,1,None,1002292.898204,90.72859700000845,90.72859700000845,,,,,,,active,001,2026-06-24_14h48.01.493,untitled,,2026.1.3,115.35954687929066,2026-06-24 14h48.01.784305 -0700,
"[0, -0.2]",space,8,8,0,space,1,0.9247956000035629,0.19306299998424947,0,8,8,8,90.72859700000845,,,,,,,,,,,,,,90.7230877999682,90.73742300004233,90.73742300004233,90.73742300004233,91.73760510003194,91.72885069996119,92.72889559995383,92.7217502000276,space,1,None,1002294.8997301,92.72889559995383,92.72889559995383,0.9247956000035629,0.19306299998424947,,,,,active,001,2026-06-24_14h48.01.493,untitled,,2026.1.3,115.35954687929066,2026-06-24 14h48.01.784305 -0700,
"[0.2, 0.2]",space,9,9,0,None,0,,,0,9,9,9,92.72889559995383,,,,,,,,,,,,,,92.72229930001777,92.73757380002644,92.73757380002644,92.73757380002644,93.73802399996202,93.72874040005263,94.72941130003892,94.72280929994304,None,0,None,1002296.8989469,94.72941130003892,94.72941130003892,,,,,,,active,001,2026-06-24_14h48.01.493,untitled,,2026.1.3,115.35954687929066,2026-06-24 14h48.01.784305 -0700,
"[0.2, 0]",None,10,10,0,None,1,,,0,10,10,10,94.72941130003892,,,,,,,,,,,,,,94.7235098000383,94.73800200002734,94.73800200002734,94.73800200002734,95.73759170004632,95.73030900000595,96.73075969994534,96.72279330005404,None,1,None,1002298.9001224,96.73075969994534,96.73075969994534,,,,,,,active,001,2026-06-24_14h48.01.493,untitled,,2026.1.3,115.35954687929066,2026-06-24 14h48.01.784305 -0700,
"[0, 0]",None,11,11,0,space,0,0.6591932999435812,0.2363160999957472,0,11,11,11,96.73075969994534,,,,,,,,,,,,,,96.72348759998567,96.73938819998875,96.73938819998875,96.73938819998875,97.73783680004999,97.72928269999102,98.72992279997561,98.72288849996403,space,0,None,1002300.9000747,98.72992279997561,98.72992279997561,0.6591932999435812,0.2363160999957472,,,,,active,001,2026-06-24_14h48.01.493,untitled,,2026.1.3,115.35954687929066,2026-06-24 14h48.01.784305 -0700,
"[0.2, -0.2]",None,12,12,0,None,1,,,0,12,12,12,98.72992279997561,,,,,,,,,,,,,,98.72359419998247,98.73733989999164,98.73733989999164,98.73733989999164,99.73826090001967,99.72963469999377,100.7299117000075,100.72131829999853,None,1,None,1002302.9002042,100.7299117000075,100.7299117000075,,,,,,,active,001,2026-06-24_14h48.01.493,untitled,,2026.1.3,115.35954687929066,2026-06-24 14h48.01.784305 -0700,
"[-0.2, -0.2]",None,13,13,0,None,1,,,0,13,13,13,100.7299117000075,,,,,,,,,,,,,,100.72197610000148,100.73729389999062,100.73729389999062,100.73729389999062,101.74157670000568,101.73339609999675,102.73321320000105,102.72458699997514,None,1,None,1002304.8985996,102.73321320000105,102.73321320000105,,,,,,,active,001,2026-06-24_14h48.01.493,untitled,,2026.1.3,115.35954687929066,2026-06-24 14h48.01.784305 -0700,
"[0.2, -0.2]",space,14,14,0,space,1,0.4351032000267878,0.2606289000250399,0,14,14,14,102.73321320000105,,,,,,,,,,,,,,102.72510719997808,102.74191440001596,102.74191440001596,102.74191440001596,103.74092410004232,103.74092410004232,104.73288849997334,104.7250786999939,space,1,None,1002306.9017463,104.73288849997334,104.73288849997334,0.4351032000267878,0.2606289000250399,,,,,active,001,2026-06-24_14h48.01.493,untitled,,2026.1.3,115.35954687929066,2026-06-24 14h48.01.784305 -0700,
"[0, 0.2]",None,15,15,0,None,1,,,0,15,15,15,104.73288849997334,,,,,,,,,,,,,,104.72587710001972,104.74131439998746,104.74131439998746,104.74131439998746,105.74297929997556,105.73432769998908,106.73377359996084,106.726031600032,None,1,None,1002308.902497,106.73377359996084,106.73377359996084,,,,,,,active,001,2026-06-24_14h48.01.493,untitled,,2026.1.3,115.35954687929066,2026-06-24 14h48.01.784305 -0700,
"[0.2, 0.2]",None,16,16,0,None,1,,,0,16,16,16,106.73377359996084,,,,,,,,,,,,,,106.72678120003548,106.74266250000801,106.74266250000801,106.74266250000801,107.74289260001387,107.73489900003187,108.73924529994838,108.73133930005133,None,1,None,1002310.9033869,108.73924529994838,108.73924529994838,,,,,,,active,001,2026-06-24_14h48.01.493,untitled,,2026.1.3,115.35954687929066,2026-06-24 14h48.01.784305 -0700,
"[0, 0]",None,17,17,0,space,0,0.5465936999535188,0.17254219995811582,0,17,17,17,108.73924529994838,,,,,,,,,,,,,,108.73236509994604,108.73924529994838,108.73924529994838,108.73924529994838,109.74279469996691,109.73383479996119,110.73571819998324,110.72861650004052,space,0,None,1002312.908858,110.73571819998324,110.73571819998324,0.5465936999535188,0.17254219995811582,,,,,active,001,2026-06-24_14h48.01.493,untitled,,2026.1.3,115.35954687929066,2026-06-24 14h48.01.784305 -0700,
"[0, -0.2]",None,18,18,0,None,1,,,0,18,18,18,110.73571819998324,,,,,,,,,,,,,,110.72914149996359,110.73571819998324,110.73571819998324,110.73571819998324,111.74023859994486,111.73173110000789,112.73167819995433,112.72431489999872,None,1,None,1002314.9057851,112.73167819995433,112.73167819995433,,,,,,,active,001,2026-06-24_14h48.01.493,untitled,,2026.1.3,115.35954687929066,2026-06-24 14h48.01.784305 -0700,
"[0.2, 0]",None,19,19,0,None,1,,,0,19,19,19,112.73167819995433,,,,,,,,,,,,,,112.72552470001392,112.7403389000101,112.7403389000101,112.7403389000101,113.74058979994152,113.73204529995564,114.73230769997463,114.72407530003693,None,1,None,1002316.9021328,114.73230769997463,114.73230769997463,,,,,,,active,001,2026-06-24_14h48.01.493,untitled,,2026.1.3,115.35954687929066,2026-06-24 14h48.01.784305 -0700,
"[0, -0.2]",space,20,20,0,space,1,0.5284276000456885,0.20026990002952516,0,20,20,20,114.73230769997463,,,,,,,,,,,,,,114.72460029996,114.74006400001235,114.74006400001235,114.74006400001235,115.74026120000053,115.73223880003206,116.7316479999572,116.72414750000462,space,1,None,1002318.9012482,116.7316479999572,116.7316479999572,0.5284276000456885,0.20026990002952516,,,,,active,001,2026-06-24_14h48.01.493,untitled,,2026.1.3,115.35954687929066,2026-06-24 14h48.01.784305 -0700,
"[-0.2, 0.2]",None,21,21,0,None,1,,,0,21,21,21,116.7316479999572,,,,,,,,,,,,,,116.7246694000205,116.74036850000266,116.74036850000266,116.74036850000266,117.74062609998509,117.73212209995836,118.7317082999507,118.7250870000571,None,1,None,1002320.9013105,118.7317082999507,118.7317082999507,,,,,,,active,001,2026-06-24_14h48.01.493,untitled,,2026.1.3,115.35954687929066,2026-06-24 14h48.01.784305 -0700,
"[0.2, -0.2]",None,22,22,0,None,1,,,0,22,22,22,118.7317082999507,,,,,,,,,,,,,,118.7256500000367,118.74043160001747,118.74043160001747,118.74043160001747,119.74068549997173,119.73217640002258,120.73584330000449,120.72819729999173,None,1,None,1002322.9022867,120.73584330000449,120.73584330000449,,,,,,,active,001,2026-06-24_14h48.01.493,untitled,,2026.1.3,115.35954687929066,2026-06-24 14h48.01.784305 -0700,
"[-0.2, 0.2]",space,23,23,0,space,1,0.47822619997896254,0.2165582999587059,0,23,23,23,120.73584330000449,,,,,,,,,,,,,,120.72886959998868,120.73584330000449,120.73584330000449,120.73584330000449,121.73973260005005,121.73212880000938,122.73131119995378,122.72427660005633,space,1,None,1002324.9054801,122.73131119995378,122.73131119995378,0.47822619997896254,0.2165582999587059,,,,,active,001,2026-06-24_14h48.01.493,untitled,,2026.1.3,115.35954687929066,2026-06-24 14h48.01.784305 -0700,
"[0, 0]",None,24,24,0,None,1,,,0,24,24,24,122.73131119995378,,,,,,,,,,,,,,122.72496729996055,122.73981409997214,122.73981409997214,122.73981409997214,123.74031350004952,123.73183980002068,124.73218020005152,124.7247315000277,None,1,None,1002326.9015803,124.73218020005152,124.73218020005152,,,,,,,active,001,2026-06-24_14h48.01.493,untitled,,2026.1.3,115.35954687929066,2026-06-24 14h48.01.784305 -0700,
"[0.2, 0.2]",None,25,25,0,None,1,,,0,25,25,25,124.73218020005152,,,,,,,,,,,,,,124.72528160002548,124.74074130004738,124.74074130004738,124.74074130004738,125.74162480002269,125.73243980004918,126.73241699999198,126.72470899997279,None,1,None,1002328.9019114,126.73241699999198,126.73241699999198,,,,,,,active,001,2026-06-24_14h48.01.493,untitled,,2026.1.3,115.35954687929066,2026-06-24 14h48.01.784305 -0700,
"[-0.2, -0.2]",None,26,26,0,space,0,0.500784800038673,0.23237420001532882,0,26,26,26,126.73241699999198,,,,,,,,,,,,,,126.72540490003303,126.74113159999251,126.74113159999251,126.74113159999251,127.74108119995799,127.73196010000538,128.73268250003457,128.72471169999335,space,0,None,1002330.9020111,128.73268250003457,128.73268250003457,0.500784800038673,0.23237420001532882,,,,,active,001,2026-06-24_14h48.01.493,untitled,,2026.1.3,115.35954687929066,2026-06-24 14h48.01.784305 -0700,
"[0.2, 0]",None,27,27,0,None,1,,,0,27,27,27,128.73268250003457,,,,,,,,,,,,,,128.7253418000182,128.74113019998185,128.74113019998185,128.74113019998185,129.74134990002494,129.73249520000536,130.732489899965,130.72536839998793,None,1,None,1002332.9019624,130.732489899965,130.732489899965,,,,,,,active,001,2026-06-24_14h48.01.493,untitled,,2026.1.3,115.35954687929066,2026-06-24 14h48.01.784305 -0700,
"[0, 0.2]",None,28,28,0,None,1,,,0,28,28,28,130.732489899965,,,,,,,,,,,,,,130.72602339996956,130.74074319994543,130.74074319994543,130.74074319994543,131.74139900004957,131.7329501999775,132.73300500004552,132.72467489994597,None,1,None,1002334.9026463,132.73300500004552,132.73300500004552,,,,,,,active,001,2026-06-24_14h48.01.493,untitled,,2026.1.3,115.35954687929066,2026-06-24 14h48.01.784305 -0700,
"[0.2, 0]",space,29,29,0,space,1,0.5121815999737009,0.17577430000528693,0,29,29,29,132.73300500004552,,,,,,,,,,,,,,132.72530890000053,132.7420351000037,132.7420351000037,132.7420351000037,133.7409613999771,133.73258119996171,134.733265100047,134.73393590003252,space,1,None,1002336.9019343,134.74148540000897,134.74148540000897,0.5121815999737009,0.17577430000528693,,,,,active,001,2026-06-24_14h48.01.493,untitled,,2026.1.3,115.35954687929066,2026-06-24 14h48.01.784305 -0700,
"[-0.2, -0.2]",None,30,30,0,None,1,,,0,30,30,30,134.74148540000897,,,,,,,,,,,,,,134.7347058999585,134.74148540000897,134.74148540000897,134.74148540000897,135.74127690005116,135.73369599995203,136.73291529994458,136.7259969000006,None,1,None,1002338.9113133,136.73291529994458,136.73291529994458,,,,,,,active,001,2026-06-24_14h48.01.493,untitled,,2026.1.3,115.35954687929066,2026-06-24 14h48.01.784305 -0700,
"[0, -0.2]",None,31,31,0,None,1,,,0,31,31,31,136.73291529994458,,,,,,,,,,,,,,136.72647849994246,136.74092070001643,136.74092070001643,136.74092070001643,137.74122570001055,137.7330325000221,138.73701190005522,138.72890250000637,None,1,None,1002340.9031307,138.73701190005522,138.73701190005522,,,,,,,active,001,2026-06-24_14h48.01.493,untitled,,2026.1.3,115.35954687929066,2026-06-24 14h48.01.784305 -0700,
"[0, 0.2]",None,32,32,0,None,1,,,0,32,32,32,138.73701190005522,,,,,,,,,,,,,,138.72952900000382,138.73701190005522,138.73701190005522,138.73701190005522,139.73655859997962,139.728576399968,140.7276536000427,140.72182199999224,None,1,None,1002342.9061631,140.7276536000427,140.7276536000427,,,,,,,active,001,2026-06-24_14h48.01.493,untitled,,2026.1.3,115.35954687929066,2026-06-24 14h48.01.784305 -0700,
"[0.2, 0.2]",None,33,33,0,None,1,,,0,33,33,33,140.7276536000427,,,,,,,,,,,,,,140.72241729998495,140.7365364000434,140.7365364000434,140.7365364000434,141.73600439995062,141.72804389998782,142.73222430003807,142.72482240002137,None,1,None,1002344.8990357,142.73222430003807,142.73222430003807,,,,,,,active,001,2026-06-24_14h48.01.493,untitled,,2026.1.3,115.35954687929066,2026-06-24 14h48.01.784305 -0700,
"[0, 0]",None,34,34,0,None,1,,,0,34,34,34,142.73222430003807,,,,,,,,,,,,,,142.72537999995984,142.739111199975,142.739111199975,142.739111199975,143.73575190000702,143.73575190000702,144.72828879998997,144.72910600004252,None,1,None,1002346.9020122,144.73622469999827,144.73622469999827,,,,,,,active,001,2026-06-24_14h48.01.493,untitled,,2026.1.3,115.35954687929066,2026-06-24 14h48.01.784305 -0700,
"[0.2, -0.2]",None,35,35,0,None,1,,,0,35,35,35,144.73622469999827,,,,,,,,,,,,,,144.72983470000327,144.73622469999827,144.73622469999827,144.73622469999827,145.73632719996385,145.7281155999517,146.7281797999749,146.72135320003144,None,1,None,1002348.9064511,146.7281797999749,146.7281797999749,,,,,,,active,001,2026-06-24_14h48.01.493,untitled,,2026.1.3,115.35954687929066,2026-06-24 14h48.01.784305 -0700,
"[0.2, -0.2]",None,36,36,0,space,0,0.6774581000208855,0.21367490000557154,0,36,36,36,146.7281797999749,,,,,,,,,,,,,,146.7219995999476,146.73646719998214,146.73646719998214,146.73646719998214,147.73916570004076,147.73214149998967,148.7374755999772,148.72903090005275,space,0,None,1002350.8986169,148.7374755999772,148.7374755999772,0.6774581000208855,0.21367490000557154,,,,,active,001,2026-06-24_14h48.01.493,untitled,,2026.1.3,115.35954687929066,2026-06-24 14h48.01.784305 -0700,
"[0, 0.2]",None,37,37,0,None,1,,,0,37,37,37,148.7374755999772,,,,,,,,,,,,,,148.72969029995147,148.7374755999772,148.7374755999772,148.7374755999772,149.74099570000544,149.73408960003871,150.73413560003974,150.72506570001133,None,1,None,1002352.9063136,150.73413560003974,150.73413560003974,,,,,,,active,001,2026-06-24_14h48.01.493,untitled,,2026.1.3,115.35954687929066,2026-06-24 14h48.01.784305 -0700,
"[0.2, -0.2]",space,38,38,0,space,1,0.5016200999962166,0.21481869998387992,0,38,38,38,150.73413560003974,,,,,,,,,,,,,,150.7256587999873,150.74100619996898,150.74100619996898,150.74100619996898,151.74149529996794,151.7340228999965,152.73341300000902,152.72608819999732,space,1,None,1002354.9022871,152.73341300000902,152.73341300000902,0.5016200999962166,0.21481869998387992,,,,,active,001,2026-06-24_14h48.01.493,untitled,,2026.1.3,115.35954687929066,2026-06-24 14h48.01.784305 -0700,
"[-0.2, 0.2]",None,39,39,0,None,1,,,0,39,39,39,152.73341300000902,,,,,,,,,,,,,,152.72677089995705,152.74122650001664,152.74122650001664,152.74122650001664,153.73917870002333,153.73917870002333,154.730632300023,154.7312073999783,None,1,None,1002356.9033909,154.73944539995864,154.73944539995864,,,,,,,active,001,2026-06-24_14h48.01.493,untitled,,2026.1.3,115.35954687929066,2026-06-24 14h48.01.784305 -0700,
"[0, -0.2]",None,40,40,0,None,1,,,0,40,40,40,154.73944539995864,,,,,,,,,,,,,,154.73182300000917,154.73944539995864,154.73944539995864,154.73944539995864,155.73936330003198,155.7312808999559,156.7316016999539,156.7236283000093,None,1,None,1002358.908463,156.7316016999539,156.7316016999539,,,,,,,active,001,2026-06-24_14h48.01.493,untitled,,2026.1.3,115.35954687929066,2026-06-24 14h48.01.784305 -0700,
"[-0.2, 0.2]",space,41,41,0,space,1,0.5441103000193834,0.20259430003352463,0,41,41,41,156.7316016999539,,,,,,,,,,,,,,156.7242820999818,156.73975059995428,156.73975059995428,156.73975059995428,157.73961459996644,157.7310497999424,158.73109839996323,158.723363099969,space,1,None,1002360.9009161,158.73109839996323,158.73109839996323,0.5441103000193834,0.20259430003352463,,,,,active,001,2026-06-24_14h48.01.493,untitled,,2026.1.3,115.35954687929066,2026-06-24 14h48.01.784305 -0700,
"[0.2, 0]",None,42,42,0,None,1,,,0,42,42,42,158.73109839996323,,,,,,,,,,,,,,158.72405349998735,158.73943600000348,158.73943600000348,158.73943600000348,159.73998439998832,159.7310508999508,160.73095190001186,160.7237657000078,None,1,None,1002362.9006805,160.73095190001186,160.73095190001186,,,,,,,active,001,2026-06-24_14h48.01.493,untitled,,2026.1.3,115.35954687929066,2026-06-24 14h48.01.784305 -0700,
"[0, 0]",None,43,43,0,None,1,,,0,43,43,43,160.73095190001186,,,,,,,,,,,,,,160.7243397999555,160.73971530003473,160.73971530003473,160.73971530003473,161.73969219997525,161.7313947000075,162.73118400003295,162.7242148000514,None,1,None,1002364.9009752,162.73118400003295,162.73118400003295,,,,,,,active,001,2026-06-24_14h48.01.493,untitled,,2026.1.3,115.35954687929066,2026-06-24 14h48.01.784305 -0700,
"[0.2, 0]",space,44,44,0,space,1,0.6280096999835223,0.225506899994798,0,44,44,44,162.73118400003295,,,,,,,,,,,,,,162.72476140002254,162.7392203999916,162.7392203999916,162.7392203999916,163.74045829998795,163.7320200999966,164.73153570003342,164.72346959996503,space,1,None,1002366.9014064,164.73153570003342,164.73153570003342,0.6280096999835223,0.225506899994798,,,,,active,001,2026-06-24_14h48.01.493,untitled,,2026.1.3,115.35954687929066,2026-06-24 14h48.01.784305 -0700,
"[0, 0.2]",None,45,45,0,None,1,,,0,45,45,45,164.73153570003342,,,,,,,,,,,,,,164.7240917000454,164.7394335999852,164.7394335999852,164.7394335999852,165.73924899997655,165.73215299996082,166.73167120001744,166.72416340000927,None,1,None,1002368.9007145,166.73167120001744,166.73167120001744,,,,,,,active,001,2026-06-24_14h48.01.493,untitled,,2026.1.3,115.35954687929066,2026-06-24 14h48.01.784305 -0700,
"[0.2, 0.2]",None,46,46,0,None,1,,,0,46,46,46,166.73167120001744,,,,,,,,,,,,,,166.72494400001597,166.7395301000215,166.7395301000215,166.7395301000215,167.74022669997066,167.73137809999753,168.7314294000389,168.72362039994914,None,1,None,1002370.9015364,168.7314294000389,168.7314294000389,,,,,,,active,001,2026-06-24_14h48.01.493,untitled,,2026.1.3,115.35954687929066,2026-06-24 14h48.01.784305 -0700,
"[0, 0]",None,47,47,0,None,1,,,0,47,47,47,168.7314294000389,,,,,,,,,,,,,,168.7242799999658,168.73943920002785,168.73943920002785,168.73943920002785,169.73997580003925,169.7338283000281,170.73116520000622,170.72399379999842,None,1,None,1002372.9008887,170.73116520000622,170.73116520000622,,,,,,,active,001,2026-06-24_14h48.01.493,untitled,,2026.1.3,115.35954687929066,2026-06-24 14h48.01.784305 -0700,
"[0, -0.2]",None,48,48,0,None,1,,,0,48,48,48,170.73116520000622,,,,,,,,,,,,,,170.7246659999946,170.74021099996753,170.74021099996753,170.74021099996753,171.73635060002562,171.73635060002562,172.72885069996119,172.72944020002615,None,1,None,1002374.9012864,172.73719390004408,172.73719390004408,,,,,,,active,001,2026-06-24_14h48.01.493,untitled,,2026.1.3,115.35954687929066,2026-06-24 14h48.01.784305 -0700,
"[-0.2, -0.2]",None,49,49,0,None,1,,,0,49,49,49,172.73719390004408,,,,,,,,,,,,,,172.7300962000154,172.73719390004408,172.73719390004408,172.73719390004408,173.73733260005247,173.73004319996107,174.72934990003705,174.72244469996076,None,1,None,1002376.9067281,174.72934990003705,174.72934990003705,,,,,,,active,001,2026-06-24_14h48.01.493,untitled,,2026.1.3,115.35954687929066,2026-06-24 14h48.01.784305 -0700,
"[0, -0.2]",space,50,50,0,None,0,,,0,50,50,50,174.72934990003705,,,,,,,,,,,,,,174.72329989995342,174.73737900005654,174.73737900005654,174.73737900005654,175.73701679997612,175.729094899958,176.7301631999435,176.72302979999222,None,0,None,1002378.8998934,176.7301631999435,176.7301631999435,,,,,,,active,001,2026-06-24_14h48.01.493,untitled,,2026.1.3,115.35954687929066,2026-06-24 14h48.01.784305 -0700,
"[0, 0.2]",None,51,51,0,None,1,,,0,51,51,51,176.7301631999435,,,,,,,,,,,,,,176.72376109997276,176.73857169994153,176.73857169994153,176.73857169994153,177.73779729998205,177.72997710003983,178.7305275000399,178.72329200000968,None,1,None,1002380.9003402,178.7305275000399,178.7305275000399,,,,,,,active,001,2026-06-24_14h48.01.493,untitled,,2026.1.3,115.35954687929066,2026-06-24 14h48.01.784305 -0700,
"[0, 0.2]",None,52,52,0,space,0,0.69104469998274,0.1801235000602901,0,52,52,52,178.7305275000399,,,,,,,,,,,,,,178.72382549999747,178.73835210001562,178.73835210001562,178.73835210001562,179.73876930004917,179.73057220003102,180.7320616999641,180.72449829999823,space,0,None,1002382.9004684,180.7320616999641,180.7320616999641,0.69104469998274,0.1801235000602901,,,,,active,001,2026-06-24_14h48.01.493,untitled,,2026.1.3,115.35954687929066,2026-06-24 14h48.01.784305 -0700,
"[-0.2, -0.2]",None,53,53,0,None,1,,,0,53,53,53,180.7320616999641,,,,,,,,,,,,,,180.72505500004627,180.7401707000099,180.7401707000099,180.7401707000099,181.74036679998972,181.73192109994125,182.7324782999931,182.7263390000444,None,1,None,1002384.9016746,182.7324782999931,182.7324782999931,,,,,,,active,001,2026-06-24_14h48.01.493,untitled,,2026.1.3,115.35954687929066,2026-06-24 14h48.01.784305 -0700,
"[0, 0]",None,54,54,0,None,1,,,0,54,54,54,182.7324782999931,,,,,,,,,,,,,,182.727003899985,182.74010609998368,182.74010609998368,182.74010609998368,183.739918999956,183.7326714999508,184.7325582000194,184.72538289998192,None,1,None,1002386.9035958,184.7325582000194,184.7325582000194,,,,,,,active,001,2026-06-24_14h48.01.493,untitled,,2026.1.3,115.35954687929066,2026-06-24 14h48.01.784305 -0700,
"[-0.2, -0.2]",space,55,55,0,space,1,0.571403400041163,0.23529270000290126,0,55,55,55,184.7325582000194,,,,,,,,,,,,,,184.72635659994557,184.7403542000102,184.7403542000102,184.7403542000102,185.73985859996174,185.73257260001265,186.73269500001334,186.72465500002727,space,1,None,1002388.9029522,186.73269500001334,186.73269500001334,0.571403400041163,0.23529270000290126,,,,,active,001,2026-06-24_14h48.01.493,untitled,,2026.1.3,115.35954687929066,2026-06-24 14h48.01.784305 -0700,
"[0, 0]",space,56,56,0,None,0,,,0,56,56,56,186.73269500001334,,,,,,,,,,,,,,186.72541149996687,186.74079960002564,186.74079960002564,186.74079960002564,187.74121809995268,187.73211099999025,188.73357150005177,188.72750200005248,None,0,None,1002390.902011,188.73357150005177,188.73357150005177,,,,,,,active,001,2026-06-24_14h48.01.493,untitled,,2026.1.3,115.35954687929066,2026-06-24 14h48.01.784305 -0700,
"[-0.2, 0]",None,57,57,0,None,1,,,0,57,57,57,188.73357150005177,,,,,,,,,,,,,,188.7283955999883,188.7409539000364,188.7409539000364,188.7409539000364,189.74099910003133,189.73238910001237,190.73521700000856,190.7280057000462,None,1,None,1002392.9049827,190.73521700000856,190.73521700000856,,,,,,,active,001,2026-06-24_14h48.01.493,untitled,,2026.1.3,115.35954687929066,2026-06-24 14h48.01.784305 -0700,
"[0.2, 0]",None,58,58,0,None,1,,,0,58,58,58,190.73521700000856,,,,,,,,,,,,,,190.72855460003484,190.73521700000856,190.73521700000856,190.73521700000856,191.73597889998928,191.72865129995625,192.72770169994328,192.72082799999043,None,1,None,1002394.9051911,192.72770169994328,192.72770169994328,,,,,,,active,001,2026-06-24_14h48.01.493,untitled,,2026.1.3,115.35954687929066,2026-06-24 14h48.01.784305 -0700,
"[0, -0.2]",None,59,59,0,None,1,,,0,59,59,59,192.72770169994328,,,,,,,,,,,,,,192.72153560002334,192.73600629996508,192.73600629996508,192.73600629996508,193.73577100003604,193.7276026000036,194.7281713000266,194.71953560004476,None,1,None,1002396.8981431,194.7281713000266,194.7281713000266,,,,,,,active,001,2026-06-24_14h48.01.493,untitled,,2026.1.3,115.35954687929066,2026-06-24 14h48.01.784305 -0700,
"[0.2, 0]",space,60,60,0,space,1,0.42398570000659674,0.22441679995972663,0,60,60,60,194.7281713000266,,,,,,,,,,,,,,194.72004809998907,194.73665009997785,194.73665009997785,194.73665009997785,195.73582629999146,195.72776140004862,196.72847560001537,196.72124840004835,space,1,None,1002398.8966922,196.72847560001537,196.72847560001537,0.42398570000659674,0.22441679995972663,,,,,active,001,2026-06-24_14h48.01.493,untitled,,2026.1.3,115.35954687929066,2026-06-24 14h48.01.784305 -0700,
"[-0.2, 0]",None,61,61,0,None,1,,,0,61,61,61,196.72847560001537,,,,,,,,,,,,,,196.72179039998446,196.73611449997406,196.73611449997406,196.73611449997406,197.73656780004967,197.72852889995556,198.72902460000478,198.72089680004865,None,1,None,1002400.898423,198.72902460000478,198.72902460000478,,,,,,,active,001,2026-06-24_14h48.01.493,untitled,,2026.1.3,115.35954687929066,2026-06-24 14h48.01.784305 -0700,
"[0, 0.2]",None,62,62,0,None,1,,,0,62,62,62,198.72902460000478,,,,,,,,,,,,,,198.72140909999143,198.7365320000099,198.7365320000099,198.7365320000099,199.73779839999042,199.7281771999551,200.7283955999883,200.7217197000282,None,1,None,1002402.8980544,200.7283955999883,200.7283955999883,,,,,,,active,001,2026-06-24_14h48.01.493,untitled,,2026.1.3,115.35954687929066,2026-06-24 14h48.01.784305 -0700,
"[0, -0.2]",None,63,63,0,None,1,,,0,63,63,63,200.7283955999883,,,,,,,,,,,,,,200.7225603000261,200.7368923999602,200.7368923999602,200.7368923999602,201.73687589995097,201.72936160000972,202.72994340001605,202.72121029999107,None,1,None,1002404.8991874,202.72994340001605,202.72994340001605,,,,,,,active,001,2026-06-24_14h48.01.493,untitled,,2026.1.3,115.35954687929066,2026-06-24 14h48.01.784305 -0700,
"[0, 0]",None,64,64,0,None,1,,,0,64,64,64,202.72994340001605,,,,,,,,,,,,,,202.72214460000396,202.737655099947,202.737655099947,202.737655099947,203.7378392999526,203.7287111999467,204.72941849997733,204.7230022000149,None,1,None,1002406.8987571,204.72941849997733,204.72941849997733,,,,,,,active,001,2026-06-24_14h48.01.493,untitled,,2026.1.3,115.35954687929066,2026-06-24 14h48.01.784305 -0700,
"[0, -0.2]",space,65,65,0,space,1,0.7938158999895677,0.21513240004424006,0,65,65,65,204.72941849997733,,,,,,,,,,,,,,204.72377040004358,204.73832310002763,204.73832310002763,204.73832310002763,205.73820529994555,205.73016379994806,206.73049760004506,206.72231700003613,space,1,None,1002408.9004,206.73049760004506,206.73049760004506,0.7938158999895677,0.21513240004424006,,,,,active,001,2026-06-24_14h48.01.493,untitled,,2026.1.3,115.35954687929066,2026-06-24 14h48.01.784305 -0700,
"[0, -0.2]",None,66,66,0,None,1,,,0,66,66,66,206.73049760004506,,,,,,,,,,,,,,206.7231035999721,206.73744910000823,206.73744910000823,206.73744910000823,207.73843070003204,207.72958170005586,208.730382299982,208.72184040001594,None,1,None,1002410.8997331,208.730382299982,208.730382299982,,,,,,,active,001,2026-06-24_14h48.01.493,untitled,,2026.1.3,115.35954687929066,2026-06-24 14h48.01.784305 -0700,
"[0, -0.2]",space,67,67,0,space,1,0.6264576999237761,0.21763580001424998,0,67,67,67,208.730382299982,,,,,,,,,,,,,,208.72252549999394,208.73743610002566,208.73743610002566,208.73743610002566,209.7379929999588,209.72975579998456,210.72993459994905,210.723169600009,space,1,None,1002412.8991399,210.72993459994905,210.72993459994905,0.6264576999237761,0.21763580001424998,,,,,active,001,2026-06-24_14h48.01.493,untitled,,2026.1.3,115.35954687929066,2026-06-24 14h48.01.784305 -0700,
"[0, 0.2]",None,68,68,0,None,1,,,0,68,68,68,210.72993459994905,,,,,,,,,,,,,,210.7238459000364,210.73801590001676,210.73801590001676,210.73801590001676,211.73778590001166,211.72995840001386,212.73101009998936,212.7233961999882,None,1,None,1002414.9004568,212.73101009998936,212.73101009998936,,,,,,,active,001,2026-06-24_14h48.01.493,untitled,,2026.1.3,115.35954687929066,2026-06-24 14h48.01.784305 -0700,
"[-0.2, 0]",None,69,69,0,None,1,,,0,69,69,69,212.73101009998936,,,,,,,,,,,,,,212.72427310002968,212.73790700000245,212.73790700000245,212.73790700000245,213.7385171999922,213.73110560001805,214.73022739996668,214.7215215000324,None,1,None,1002416.9008319,214.73022739996668,214.73022739996668,,,,,,,active,001,2026-06-24_14h48.01.493,untitled,,2026.1.3,115.35954687929066,2026-06-24 14h48.01.784305 -0700,
"[0, 0]",None,70,70,0,None,1,,,0,70,70,70,214.73022739996668,,,,,,,,,,,,,,214.72204869997222,214.7386555999983,214.7386555999983,214.7386555999983,215.7400217000395,215.73118110001087,216.7301791999489,216.72357160004321,None,1,None,1002418.8986927,216.7301791999489,216.7301791999489,,,,,,,active,001,2026-06-24_14h48.01.493,untitled,,2026.1.3,115.35954687929066,2026-06-24 14h48.01.784305 -0700,
"[0, 0.2]",None,71,71,0,space,0,0.523239400004968,0.23902530001942068,0,71,71,71,216.7301791999489,,,,,,,,,,,,,,216.7244504999835,216.73832400003448,216.73832400003448,216.73832400003448,217.73569300002418,217.73569300002418,218.72703249996994,218.72753020003438,space,0,None,1002420.9010563,218.73483069997746,218.73483069997746,0.523239400004968,0.23902530001942068,,,,,active,001,2026-06-24_14h48.01.493,untitled,,2026.1.3,115.35954687929066,2026-06-24 14h48.01.784305 -0700,
"[0, -0.2]",None,72,72,0,None,1,,,0,72,72,72,218.73483069997746,,,,,,,,,,,,,,218.72803939995356,218.73483069997746,218.73483069997746,218.73483069997746,219.74334020004608,219.7265704999445,220.73513749998529,220.72752920002677,None,1,None,1002422.9046853,220.72705400001723,220.72705400001723,,,,,,,active,001,2026-06-24_14h48.01.493,untitled,,2026.1.3,115.35954687929066,2026-06-24 14h48.01.784305 -0700,
"[0.2, 0.2]",None,73,73,0,None,1,,,0,73,73,73,220.73513749998529,,,,,,,,,,,,,,220.72803989995737,220.73513749998529,220.73513749998529,220.73513749998529,221.73673490004148,221.72906889999285,222.73188179999124,222.72347189998254,None,1,None,1002424.904685,222.73188179999124,222.73188179999124,,,,,,,active,001,2026-06-24_14h48.01.493,untitled,,2026.1.3,115.35954687929066,2026-06-24 14h48.01.784305 -0700,
"[0.2, 0]",None,74,74,0,None,1,,,0,74,74,74,222.73188179999124,,,,,,,,,,,,,,222.72423870000057,222.7390882000327,222.7390882000327,222.7390882000327,223.73652409994975,223.73652409994975,224.72735659999307,224.72801670001354,None,1,None,1002426.9008499,224.73504970001522,224.73504970001522,,,,,,,active,001,2026-06-24_14h48.01.493,untitled,,2026.1.3,115.35954687929066,2026-06-24 14h48.01.784305 -0700,
"[-0.2, -0.2]",None,75,75,0,None,1,,,0,75,75,75,224.73504970001522,,,,,,,,,,,,,,224.72865439997986,224.73504970001522,224.73504970001522,224.73504970001522,225.73907899996266,225.7273886000039,226.73140709998552,226.7245049000485,None,1,None,1002428.90525,226.73140709998552,226.73140709998552,,,,,,,active,001,2026-06-24_14h48.01.493,untitled,,2026.1.3,115.35954687929066,2026-06-24 14h48.01.784305 -0700,
"[0.2, 0]",space,76,76,0,space,1,0.6403160000918433,0.18352839990984648,0,76,76,76,226.73140709998552,,,,,,,,,,,,,,226.72512219997589,226.73943820002023,226.73943820002023,226.73943820002023,227.7409552000463,227.7328951000236,228.73761559999548,228.7284573999932,space,1,None,1002430.9017542,228.73761559999548,228.73761559999548,0.6403160000918433,0.18352839990984648,,,,,active,001,2026-06-24_14h48.01.493,untitled,,2026.1.3,115.35954687929066,2026-06-24 14h48.01.784305 -0700,
"[-0.2, -0.2]",space,77,77,0,None,0,,,0,77,77,77,228.73761559999548,,,,,,,,,,,,,,228.7293156000087,228.73761559999548,228.73761559999548,228.73761559999548,229.74188490002416,229.73262130003422,230.73331299994607,230.7249547999818,None,0,None,1002432.9056588,230.73331299994607,230.73331299994607,,,,,,,active,001,2026-06-24_14h48.01.493,untitled,,2026.1.3,115.35954687929066,2026-06-24 14h48.01.784305 -0700,
"[0, 0]",None,78,78,0,None,1,,,0,78,78,78,230.73331299994607,,,,,,,,,,,,,,230.7256411999697,230.74065519997384,230.74065519997384,230.74065519997384,231.7408020000439,231.73310219997074,232.7345537999645,232.7265956000192,None,1,None,1002434.9022732,232.7345537999645,232.7345537999645,,,,,,,active,001,2026-06-24_14h48.01.493,untitled,,2026.1.3,115.35954687929066,2026-06-24 14h48.01.784305 -0700,
"[0, -0.2]",None,79,79,0,None,1,,,0,79,79,79,232.7345537999645,,,,,,,,,,,,,,232.72715299995616,232.74270689999685,232.74270689999685,232.74270689999685,233.74135939998087,233.74135939998087,234.73808170005213,234.7308012000285,None,1,None,1002436.9037799,234.73808170005213,234.73808170005213,,,,,,,active,001,2026-06-24_14h48.01.493,untitled,,2026.1.3,115.35954687929066,2026-06-24 14h48.01.784305 -0700,
"[0.2, 0]",None,80,80,0,None,1,,,0,80,80,80,234.73808170005213,,,,,,,,,,,,,,234.73122119996697,234.73808170005213,234.73808170005213,234.73808170005213,235.73806120001245,235.72956150001846,236.7303443000419,236.72240810003132,None,1,None,1002438.9078719,236.7303443000419,236.7303443000419,,,,,,,active,001,2026-06-24_14h48.01.493,untitled,,2026.1.3,115.35954687929066,2026-06-24 14h48.01.784305 -0700,
"[0, -0.2]",space,81,81,0,space,1,0.3392741000279784,0.20972000004258007,0,81,81,81,236.7303443000419,,,,,,,,,,,,,,236.7229714000132,236.73852360004093,236.73852360004093,236.73852360004093,237.73937500000466,237.73018600000069,238.73019559995737,238.72278089995962,space,1,None,1002440.8996116,238.73019559995737,238.73019559995737,0.3392741000279784,0.20972000004258007,,,,,active,001,2026-06-24_14h48.01.493,untitled,,2026.1.3,115.35954687929066,2026-06-24 14h48.01.784305 -0700,
"[0, 0]",None,82,82,0,None,1,,,0,82,82,82,238.73019559995737,,,,,,,,,,,,,,238.72337739996146,238.73902109998744,238.73902109998744,238.73902109998744,239.74074469995685,239.7327885000268,240.73252309998497,240.72679650003556,None,1,None,1002442.900019,240.73252309998497,240.73252309998497,,,,,,,active,001,2026-06-24_14h48.01.493,untitled,,2026.1.3,115.35954687929066,2026-06-24 14h48.01.784305 -0700,
"[0.2, 0.2]",None,83,83,0,None,1,,,0,83,83,83,240.73252309998497,,,,,,,,,,,,,,240.72735960001592,240.74062820000108,240.74062820000108,240.74062820000108,241.7411076000426,241.7320056000026,242.73229289997835,242.7241628000047,None,1,None,1002444.9039936,242.73229289997835,242.73229289997835,,,,,,,active,001,2026-06-24_14h48.01.493,untitled,,2026.1.3,115.35954687929066,2026-06-24 14h48.01.784305 -0700,
"[0, -0.2]",None,84,84,0,None,1,,,0,84,84,84,242.73229289997835,,,,,,,,,,,,,,242.72471920005046,242.74081750004552,242.74081750004552,242.74081750004552,243.7405463999603,243.73236549994908,244.7372284999583,244.73043440002948,None,1,None,1002446.9013495,244.7372284999583,244.7372284999583,,,,,,,active,001,2026-06-24_14h48.01.493,untitled,,2026.1.3,115.35954687929066,2026-06-24 14h48.01.784305 -0700,
"[0.2, 0]",None,85,85,0,None,1,,,0,85,85,85,244.7372284999583,,,,,,,,,,,,,,244.73102259996813,244.7372284999583,244.7372284999583,244.7372284999583,245.7379421000369,245.73033970000688,246.73038219998125,246.72237480001058,None,1,None,1002448.9076655,246.73038219998125,246.73038219998125,,,,,,,active,001,2026-06-24_14h48.01.493,untitled,,2026.1.3,115.35954687929066,2026-06-24 14h48.01.784305 -0700,
"[0, 0.2]",None,86,86,0,None,1,,,0,86,86,86,246.73038219998125,,,,,,,,,,,,,,246.72311719995923,246.73768460005522,246.73768460005522,246.73768460005522,247.73952980001923,247.7301336999517,248.72965999995358,248.7225116000045,None,1,None,1002450.8997223,248.72965999995358,248.72965999995358,,,,,,,active,001,2026-06-24_14h48.01.493,untitled,,2026.1.3,115.35954687929066,2026-06-24 14h48.01.784305 -0700,
"[0.2, 0]",space,87,87,0,space,1,0.631209599901922,0.1878988000098616,0,87,87,87,248.72965999995358,,,,,,,,,,,,,,248.723138500005,248.73736260004807,248.73736260004807,248.73736260004807,249.73825469997246,249.72943399997894,250.73003760003485,250.7225644000573,space,1,None,1002452.8997703,250.73003760003485,250.73003760003485,0.631209599901922,0.1878988000098616,,,,,active,001,2026-06-24_14h48.01.493,untitled,,2026.1.3,115.35954687929066,2026-06-24 14h48.01.784305 -0700,
"[0, -0.2]",None,88,88,0,None,1,,,0,88,88,88,250.73003760003485,,,,,,,,,,,,,,250.72321930003818,250.73797100002412,250.73797100002412,250.73797100002412,251.73790760000702,251.73015349998605,252.7296454999596,252.72311260004062,None,1,None,1002454.8998373,252.7296454999596,252.7296454999596,,,,,,,active,001,2026-06-24_14h48.01.493,untitled,,2026.1.3,115.35954687929066,2026-06-24 14h48.01.784305 -0700,
"[0.2, 0.2]",None,89,89,0,None,1,,,0,89,89,89,252.7296454999596,,,,,,,,,,,,,,252.72401600005105,252.73801690002438,252.73801690002438,252.73801690002438,253.7381281000562,253.72953410004266,254.73005639994517,254.72260310000274,None,1,None,1002456.9006118,254.73005639994517,254.73005639994517,,,,,,,active,001,2026-06-24_14h48.01.493,untitled,,2026.1.3,115.35954687929066,2026-06-24 14h48.01.784305 -0700,
"[0.2, 0]",None,90,90,0,None,1,,,0,90,90,90,254.73005639994517,,,,,,,,,,,,,,254.72352160001174,254.73822339996696,254.73822339996696,254.73822339996696,255.7382700999733,255.72964929998852,256.7296153999632,256.722673799959,None,1,None,1002458.9001256,256.7296153999632,256.7296153999632,,,,,,,active,001,2026-06-24_14h48.01.493,untitled,,2026.1.3,115.35954687929066,2026-06-24 14h48.01.784305 -0700,
"[0, 0]",None,91,91,0,None,1,,,0,91,91,91,256.7296153999632,,,,,,,,,,,,,,256.72374769998714,256.7383672000142,256.7383672000142,256.7383672000142,257.7380965000484,257.72980500000995,258.7336894000182,258.7252634000033,None,1,None,1002460.9003373,258.7336894000182,258.7336894000182,,,,,,,active,001,2026-06-24_14h48.01.493,untitled,,2026.1.3,115.35954687929066,2026-06-24 14h48.01.784305 -0700,
"[0, -0.2]",None,92,92,0,None,1,,,0,92,92,92,258.7336894000182,,,,,,,,,,,,,,258.7260438000085,258.7408031000523,258.7408031000523,258.7408031000523,259.7382581999991,259.7382581999991,260.73045829997864,260.7310666999547,None,1,None,1002462.9026042,260.7384503999492,260.7384503999492,,,,,,,active,001,2026-06-24_14h48.01.493,untitled,,2026.1.3,115.35954687929066,2026-06-24 14h48.01.784305 -0700,
"[0, 0]",space,93,93,0,None,0,,,0,93,93,93,260.7384503999492,,,,,,,,,,,,,,260.7318151999498,260.7384503999492,260.7384503999492,260.7384503999492,261.7381292999489,261.72988730005454,262.731444700039,262.722763299942,None,0,None,1002464.9084153,262.731444700039,262.731444700039,,,,,,,active,001,2026-06-24_14h48.01.493,untitled,,2026.1.3,115.35954687929066,2026-06-24 14h48.01.784305 -0700,
"[0.2, 0.2]",None,94,94,0,None,1,,,0,94,94,94,262.731444700039,,,,,,,,,,,,,,262.723504900001,262.74034450005274,262.74034450005274,262.74034450005274,263.7357324999757,263.7357324999757,264.7315763999941,264.73236769996583,None,1,None,1002466.9001186,264.73923009994905,264.73923009994905,,,,,,,active,001,2026-06-24_14h48.01.493,untitled,,2026.1.3,115.35954687929066,2026-06-24 14h48.01.784305 -0700,
"[0.2, 0.2]",None,95,95,0,space,0,0.7435767999850214,0.2190851999912411,0,95,95,95,264.73923009994905,,,,,,,,,,,,,,264.7329830999952,264.73923009994905,264.73923009994905,264.73923009994905,265.74390869995113,265.7376484000124,266.7387172000017,266.73126419994514,space,0,None,1002468.9096164,266.73058430000674,266.73058430000674,0.7435767999850214,0.2190851999912411,,,,,active,001,2026-06-24_14h48.01.493,untitled,,2026.1.3,115.35954687929066,2026-06-24 14h48.01.784305 -0700,
"[0.2, 0]",None,96,96,0,None,1,,,0,96,96,96,266.7387172000017,,,,,,,,,,,,,,266.731833799975,266.7387172000017,266.7387172000017,266.7387172000017,267.7388064999832,267.7301789999474,268.73394900001585,268.7264217999764,None,1,None,1002470.9084698,268.73394900001585,268.73394900001585,,,,,,,active,001,2026-06-24_14h48.01.493,untitled,,2026.1.3,115.35954687929066,2026-06-24 14h48.01.784305 -0700,
"[-0.2, 0]",None,97,97,0,None,1,,,0,97,97,97,268.73394900001585,,,,,,,,,,,,,,268.7270880000433,268.74249009997584,268.74249009997584,268.74249009997584,269.7342074000044,269.7342074000044,270.72583020001184,270.72636239998974,None,1,None,1002472.9037104,270.7343529999489,270.7343529999489,,,,,,,active,001,2026-06-24_14h48.01.493,untitled,,2026.1.3,115.35954687929066,2026-06-24 14h48.01.784305 -0700,
"[-0.2, -0.2]",None,98,98,0,None,1,,,0,98,98,98,270.7343529999489,,,,,,,,,,,,,,270.72693550004624,270.74236479995307,270.74236479995307,270.74236479995307,271.74308980000205,271.7343047000468,272.7361193000106,272.7267307000002,None,1,None,1002474.9035578,272.7361193000106,272.7361193000106,,,,,,,active,001,2026-06-24_14h48.01.493,untitled,,2026.1.3,115.35954687929066,2026-06-24 14h48.01.784305 -0700,
"[0, -0.2]",None,99,99,0,None,1,,,0,99,99,99,272.7361193000106,,,,,,,,,,,,,,272.7274592999602,272.7438702000072,272.7438702000072,272.7438702000072,273.7428472000174,273.7428472000174,274.7339281999739,274.72687719995156,None,1,None,1002476.9040667,274.7339281999739,274.7339281999739,,,,,,,active,001,2026-06-24_14h48.01.493,untitled,,2026.1.3,115.35954687929066,2026-06-24 14h48.01.784305 -0700,
,,,,,,,,,,,,,,,,,,,,,,,,,,,,,,,,,,,,,,,,,,,274.72704669996165,274.7425099000102,277.73548170004506,277.727841099957,active,001,2026-06-24_14h48.01.493,untitled,,2026.1.3,115.35954687929066,2026-06-24 14h48.01.784305 -0700,
