location,corrAns,thisN,thisTrialN,thisRepN,response_2.keys,response_2.corr,trials.thisRepN,trials.thisTrialN,trials.thisN,trials.thisIndex,thisRow.t,notes,piloting,Instructions_2.started,instructions_2.started,key_resp_2.started,Instructions_2.stopped,key_resp_2.keys,key_resp_2.rt,key_resp_2.duration,Fixation.started,fixation_1.started,fixation_1.stopped,Fixation.stopped,N_back_2_trials.started,grid_lines_2.started,target_square_2.started,response_2.started,fixation_3.started,target_square_2.stopped,fixation_3.stopped,N_back_2_trials.stopped,trials.response_2.keys,trials.response_2.corr,LIFU_marker,LSL_Time,grid_lines_2.stopped,response_2.stopped,End.started,thank_you.started,thank_you.stopped,End.stopped,participant,session,date,expName,expVersion,psychopyVersion,frameRate,expStart,
,,,,,,,,,,,,,False,0.004709800239652395,0.01127410028129816,0.01127410028129816,14.822853600140661,space,14.749356499873102,None,,,,,,,,,,,,,,,,,,,,,,,dontuse,001,2026-07-12_16h18.39.406,untitled,,2026.1.3,120.31233038668499,2026-07-12 16h19.09.703884 -0700,
,,,,,,,,,,,,,,,,,,,,,14.822949500288814,14.831336200237274,15.886056300252676,15.820608300156891,,,,,,,,,,,,,,,,,,,dontuse,001,2026-07-12_16h18.39.406,untitled,,2026.1.3,120.31233038668499,2026-07-12 16h19.09.703884 -0700,
"[0, 0]",None,0,0,0,None,1,0,0,0,0,15.886056300252676,,,,,,,,,,,,,,15.874210900161415,15.886056300252676,15.886056300252676,15.886056300252676,16.817026700358838,16.88386580022052,17.80902360007167,17.825577900279313,None,1,None,2562940.9861413,,,,,,,dontuse,001,2026-07-12_16h18.39.406,untitled,,2026.1.3,120.31233038668499,2026-07-12 16h19.09.703884 -0700,
"[0.2, 0]",None,1,1,0,None,1,0,1,1,1,17.8335788003169,,,,,,,,,,,,,,17.8263032999821,17.8335788003169,17.8335788003169,17.8335788003169,18.817097400315106,18.825419300235808,19.808768100105226,19.81778800021857,None,1,None,2562942.9382441,19.825190900359303,19.825190900359303,,,,,dontuse,001,2026-07-12_16h18.39.406,untitled,,2026.1.3,120.31233038668499,2026-07-12 16h19.09.703884 -0700,
"[-0.2, 0.2]",None,2,2,0,None,1,0,2,2,2,19.825190900359303,,,,,,,,,,,,,,19.818421200383455,19.825190900359303,19.825190900359303,19.825190900359303,20.817067600321025,20.817067600321025,21.808766500093043,21.809154300019145,None,1,None,2562944.9303549,21.817056400235742,21.817056400235742,,,,,dontuse,001,2026-07-12_16h18.39.406,untitled,,2026.1.3,120.31233038668499,2026-07-12 16h19.09.703884 -0700,
"[-0.2, 0]",None,3,3,0,None,1,0,3,3,3,21.817056400235742,,,,,,,,,,,,,,21.809726600069553,21.817056400235742,21.817056400235742,21.817056400235742,22.817065299954265,22.808854000177234,23.808794599957764,23.80078890034929,None,1,None,2562946.9216773,23.808794599957764,23.808794599957764,,,,,dontuse,001,2026-07-12_16h18.39.406,untitled,,2026.1.3,120.31233038668499,2026-07-12 16h19.09.703884 -0700,
"[-0.2, 0.2]",space,4,4,0,None,0,0,4,4,4,23.808794599957764,,,,,,,,,,,,,,23.80134729994461,23.81710600014776,23.81710600014776,23.81710600014776,24.81709610018879,24.80893970001489,25.80899090040475,25.800999300088733,None,0,None,2562948.9132974,25.80899090040475,25.80899090040475,,,,,dontuse,001,2026-07-12_16h18.39.406,untitled,,2026.1.3,120.31233038668499,2026-07-12 16h19.09.703884 -0700,
"[0.2, -0.2]",None,5,5,0,None,1,0,5,5,5,25.80899090040475,,,,,,,,,,,,,,25.801595100201666,25.81711360020563,25.81711360020563,25.81711360020563,26.81727570015937,26.808904699981213,27.809224999975413,27.80113840010017,None,1,None,2562950.9135486,27.809224999975413,27.809224999975413,,,,,dontuse,001,2026-07-12_16h18.39.406,untitled,,2026.1.3,120.31233038668499,2026-07-12 16h19.09.703884 -0700,
"[0, -0.2]",None,6,6,0,None,1,0,6,6,6,27.809224999975413,,,,,,,,,,,,,,27.801606200169772,27.81748740002513,27.81748740002513,27.81748740002513,28.81722060032189,28.809144500177354,29.809189500287175,29.80123500013724,None,1,None,2562952.9135675,29.809189500287175,29.809189500287175,,,,,dontuse,001,2026-07-12_16h18.39.406,untitled,,2026.1.3,120.31233038668499,2026-07-12 16h19.09.703884 -0700,
"[0.2, 0.2]",None,7,7,0,None,1,0,7,7,7,29.809189500287175,,,,,,,,,,,,,,29.801869300194085,29.817198100034148,29.817198100034148,29.817198100034148,30.81797460000962,30.80910490034148,31.809082300402224,31.801053600385785,None,1,None,2562954.913812,31.809082300402224,31.809082300402224,,,,,dontuse,001,2026-07-12_16h18.39.406,untitled,,2026.1.3,120.31233038668499,2026-07-12 16h19.09.703884 -0700,
"[0, -0.2]",space,8,8,0,None,0,0,8,8,8,31.809082300402224,,,,,,,,,,,,,,31.801572300028056,31.817444500047714,31.817444500047714,31.817444500047714,32.817338100168854,32.80899230018258,33.80919470032677,33.80101570021361,None,0,None,2562956.9135265,33.80919470032677,33.80919470032677,,,,,dontuse,001,2026-07-12_16h18.39.406,untitled,,2026.1.3,120.31233038668499,2026-07-12 16h19.09.703884 -0700,
"[0.2, 0.2]",space,9,9,0,None,0,0,9,9,9,33.80919470032677,,,,,,,,,,,,,,33.801606700289994,33.81750010000542,33.81750010000542,33.81750010000542,34.817482999991626,34.80941290035844,35.80948040029034,35.80122170038521,None,0,None,2562958.9135594,35.80948040029034,35.80948040029034,,,,,dontuse,001,2026-07-12_16h18.39.406,untitled,,2026.1.3,120.31233038668499,2026-07-12 16h19.09.703884 -0700,
"[0.2, 0]",None,10,10,0,None,1,0,10,10,10,35.80948040029034,,,,,,,,,,,,,,35.801897699944675,35.817307400051504,35.817307400051504,35.817307400051504,36.81743590021506,36.8095631999895,37.80941390013322,37.801437200047076,None,1,None,2562960.9138416,37.80941390013322,37.80941390013322,,,,,dontuse,001,2026-07-12_16h18.39.406,untitled,,2026.1.3,120.31233038668499,2026-07-12 16h19.09.703884 -0700,
"[0, 0]",None,11,11,0,None,1,0,11,11,11,37.80941390013322,,,,,,,,,,,,,,37.80204840004444,37.81758440006524,37.81758440006524,37.81758440006524,38.81757950037718,38.80921630002558,39.80911809997633,39.801200800109655,None,1,None,2562962.9139947,39.80911809997633,39.80911809997633,,,,,dontuse,001,2026-07-12_16h18.39.406,untitled,,2026.1.3,120.31233038668499,2026-07-12 16h19.09.703884 -0700,
"[0.2, -0.2]",None,12,12,0,None,1,0,12,12,12,39.80911809997633,,,,,,,,,,,,,,39.80174700031057,39.81758880009875,39.81758880009875,39.81758880009875,40.81784899998456,40.80954170040786,41.809172900393605,41.801254800055176,None,1,None,2562964.9136902,41.809172900393605,41.809172900393605,,,,,dontuse,001,2026-07-12_16h18.39.406,untitled,,2026.1.3,120.31233038668499,2026-07-12 16h19.09.703884 -0700,
"[-0.2, -0.2]",None,13,13,0,None,1,0,13,13,13,41.809172900393605,,,,,,,,,,,,,,41.8017669999972,41.81780510023236,41.81780510023236,41.81780510023236,42.821717200335115,42.821717200335115,43.81315240031108,43.80518610030413,None,1,None,2562966.9137221,43.81315240031108,43.81315240031108,,,,,dontuse,001,2026-07-12_16h18.39.406,untitled,,2026.1.3,120.31233038668499,2026-07-12 16h19.09.703884 -0700,
"[0.2, -0.2]",space,14,14,0,None,0,0,14,14,14,43.81315240031108,,,,,,,,,,,,,,43.80580099998042,43.82118840003386,43.82118840003386,43.82118840003386,44.82133170031011,44.81342150038108,45.81312509998679,45.805245500057936,None,0,None,2562968.9177361,45.81312509998679,45.81312509998679,,,,,dontuse,001,2026-07-12_16h18.39.406,untitled,,2026.1.3,120.31233038668499,2026-07-12 16h19.09.703884 -0700,
"[0, 0.2]",None,15,15,0,None,1,0,15,15,15,45.81312509998679,,,,,,,,,,,,,,45.805772700347006,45.82139450032264,45.82139450032264,45.82139450032264,46.821582400240004,46.8132458999753,47.813201600220054,47.805262099951506,None,1,None,2562970.9177303,47.813201600220054,47.813201600220054,,,,,dontuse,001,2026-07-12_16h18.39.406,untitled,,2026.1.3,120.31233038668499,2026-07-12 16h19.09.703884 -0700,
"[0.2, 0.2]",None,16,16,0,None,1,0,16,16,16,47.813201600220054,,,,,,,,,,,,,,47.80579090025276,47.821413800120354,47.821413800120354,47.821413800120354,48.82144770026207,48.81321970000863,49.813277900218964,49.80541090015322,None,1,None,2562972.917749,49.813277900218964,49.813277900218964,,,,,dontuse,001,2026-07-12_16h18.39.406,untitled,,2026.1.3,120.31233038668499,2026-07-12 16h19.09.703884 -0700,
"[0, 0]",None,17,17,0,None,1,0,17,17,17,49.813277900218964,,,,,,,,,,,,,,49.80603800015524,49.82159830024466,49.82159830024466,49.82159830024466,50.82162890024483,50.81331240013242,51.81330520007759,51.805407100357115,None,1,None,2562974.9179834,51.81330520007759,51.81330520007759,,,,,dontuse,001,2026-07-12_16h18.39.406,untitled,,2026.1.3,120.31233038668499,2026-07-12 16h19.09.703884 -0700,
"[0, -0.2]",None,18,18,0,None,1,0,18,18,18,51.81330520007759,,,,,,,,,,,,,,51.80605070013553,51.82163180038333,51.82163180038333,51.82163180038333,52.82174680009484,52.81332170031965,53.813116000033915,53.80537720024586,None,1,None,2562976.9180065,53.813116000033915,53.813116000033915,,,,,dontuse,001,2026-07-12_16h18.39.406,untitled,,2026.1.3,120.31233038668499,2026-07-12 16h19.09.703884 -0700,
"[0.2, 0]",None,19,19,0,None,1,0,19,19,19,53.813116000033915,,,,,,,,,,,,,,53.80599470017478,53.82199490023777,53.82199490023777,53.82199490023777,54.82356470031664,54.81323680002242,55.825330700259656,55.81870790012181,None,1,None,2562978.9179389,55.813435500022024,55.813435500022024,,,,,dontuse,001,2026-07-12_16h18.39.406,untitled,,2026.1.3,120.31233038668499,2026-07-12 16h19.09.703884 -0700,
"[0, -0.2]",space,20,20,0,None,0,0,20,20,20,55.825330700259656,,,,,,,,,,,,,,55.8193077002652,55.825330700259656,55.825330700259656,55.825330700259656,56.821390400175005,56.821390400175005,57.81552840024233,57.81595680024475,None,0,None,2562980.9312613,57.821609400212765,57.821609400212765,,,,,dontuse,001,2026-07-12_16h18.39.406,untitled,,2026.1.3,120.31233038668499,2026-07-12 16h19.09.703884 -0700,
"[-0.2, 0.2]",None,21,21,0,None,1,0,21,21,21,57.821609400212765,,,,,,,,,,,,,,57.81646730005741,57.821609400212765,57.821609400212765,57.821609400212765,58.821506400126964,58.81329060019925,59.813489200081676,59.80553390039131,None,1,None,2562982.9284232,59.813489200081676,59.813489200081676,,,,,dontuse,001,2026-07-12_16h18.39.406,untitled,,2026.1.3,120.31233038668499,2026-07-12 16h19.09.703884 -0700,
"[0.2, -0.2]",None,22,22,0,None,1,0,22,22,22,59.813489200081676,,,,,,,,,,,,,,59.806183400098234,59.82156260032207,59.82156260032207,59.82156260032207,60.822767100296915,60.813489800319076,61.81337970029563,61.80551700014621,None,1,None,2562984.9181423,61.81337970029563,61.81337970029563,,,,,dontuse,001,2026-07-12_16h18.39.406,untitled,,2026.1.3,120.31233038668499,2026-07-12 16h19.09.703884 -0700,
"[-0.2, 0.2]",space,23,23,0,None,0,0,23,23,23,61.81337970029563,,,,,,,,,,,,,,61.806016200222075,61.82209390029311,61.82209390029311,61.82209390029311,62.821996700018644,62.813403700012714,63.813445900101215,63.80568760028109,None,0,None,2562986.9179722,63.813445900101215,63.813445900101215,,,,,dontuse,001,2026-07-12_16h18.39.406,untitled,,2026.1.3,120.31233038668499,2026-07-12 16h19.09.703884 -0700,
"[0, 0]",None,24,24,0,None,1,0,24,24,24,63.813445900101215,,,,,,,,,,,,,,63.80623570038006,63.8221089001745,63.8221089001745,63.8221089001745,64.81359070027247,64.81359070027247,65.80549990013242,65.80583650013432,None,1,None,2562988.9181894,65.81329680001363,65.81329680001363,,,,,dontuse,001,2026-07-12_16h18.39.406,untitled,,2026.1.3,120.31233038668499,2026-07-12 16h19.09.703884 -0700,
"[0.2, 0.2]",None,25,25,0,None,1,0,25,25,25,65.81329680001363,,,,,,,,,,,,,,65.80655440036207,65.81329680001363,65.81329680001363,65.81329680001363,66.81344090029597,66.80552620021626,67.80554740037769,67.7973064002581,None,1,None,2562990.9185016,67.80554740037769,67.80554740037769,,,,,dontuse,001,2026-07-12_16h18.39.406,untitled,,2026.1.3,120.31233038668499,2026-07-12 16h19.09.703884 -0700,
"[-0.2, -0.2]",None,26,26,0,None,1,0,26,26,26,67.80554740037769,,,,,,,,,,,,,,67.79793080035597,67.81348850019276,67.81348850019276,67.81348850019276,68.81352710025385,68.80577780026942,69.8056045002304,69.79734789999202,None,1,None,2562992.909875,69.8056045002304,69.8056045002304,,,,,dontuse,001,2026-07-12_16h18.39.406,untitled,,2026.1.3,120.31233038668499,2026-07-12 16h19.09.703884 -0700,
"[0.2, 0]",None,27,27,0,None,1,0,27,27,27,69.8056045002304,,,,,,,,,,,,,,69.79793770005926,69.81362110003829,69.81362110003829,69.81362110003829,70.81375860003754,70.80545640038326,71.80563540011644,71.79732970008627,None,1,None,2562994.9098859,71.80563540011644,71.80563540011644,,,,,dontuse,001,2026-07-12_16h18.39.406,untitled,,2026.1.3,120.31233038668499,2026-07-12 16h19.09.703884 -0700,
"[0, 0.2]",None,28,28,0,None,1,0,28,28,28,71.80563540011644,,,,,,,,,,,,,,71.7978883003816,71.81359170004725,71.81359170004725,71.81359170004725,72.81369330035523,72.8056231001392,73.80553310038522,73.79781550029293,None,1,None,2562996.9098351,73.80553310038522,73.80553310038522,,,,,dontuse,001,2026-07-12_16h18.39.406,untitled,,2026.1.3,120.31233038668499,2026-07-12 16h19.09.703884 -0700,
"[0.2, 0]",space,29,29,0,None,0,0,29,29,29,73.80553310038522,,,,,,,,,,,,,,73.7983651002869,73.81420850008726,73.81420850008726,73.81420850008726,74.81408660020679,74.80545060010627,75.80903400015086,75.800969700329,None,0,None,2562998.9103119,75.80903400015086,75.80903400015086,,,,,dontuse,001,2026-07-12_16h18.39.406,untitled,,2026.1.3,120.31233038668499,2026-07-12 16h19.09.703884 -0700,
"[-0.2, -0.2]",None,30,30,0,None,1,0,30,30,30,75.80903400015086,,,,,,,,,,,,,,75.80164000019431,75.81682360032573,75.81682360032573,75.81682360032573,76.81667600013316,76.80848200013861,77.81322100013494,77.80510100023821,None,1,None,2563000.9135927,77.81322100013494,77.81322100013494,,,,,dontuse,001,2026-07-12_16h18.39.406,untitled,,2026.1.3,120.31233038668499,2026-07-12 16h19.09.703884 -0700,
"[0, -0.2]",None,31,31,0,None,1,0,31,31,31,77.81322100013494,,,,,,,,,,,,,,77.80559360003099,77.82151000015438,77.82151000015438,77.82151000015438,78.82149820029736,78.81310580018908,79.81317079998553,79.80511960014701,None,1,None,2563002.9175448,79.81317079998553,79.81317079998553,,,,,dontuse,001,2026-07-12_16h18.39.406,untitled,,2026.1.3,120.31233038668499,2026-07-12 16h19.09.703884 -0700,
"[0, 0.2]",None,32,32,0,None,1,0,32,32,32,79.81317079998553,,,,,,,,,,,,,,79.80581500008702,79.8214883999899,79.8214883999899,79.8214883999899,80.8219612003304,80.81329140020534,81.81334810005501,81.8052146001719,None,1,None,2563004.9177513,81.81334810005501,81.81334810005501,,,,,dontuse,001,2026-07-12_16h18.39.406,untitled,,2026.1.3,120.31233038668499,2026-07-12 16h19.09.703884 -0700,
"[0.2, 0.2]",None,33,33,0,None,1,0,33,33,33,81.81334810005501,,,,,,,,,,,,,,81.80576190026477,81.82153249997646,81.82153249997646,81.82153249997646,82.82151840021834,82.81297620013356,83.8130560000427,83.80530600016937,None,1,None,2563006.917711,83.8130560000427,83.8130560000427,,,,,dontuse,001,2026-07-12_16h18.39.406,untitled,,2026.1.3,120.31233038668499,2026-07-12 16h19.09.703884 -0700,
"[0, 0]",None,34,34,0,None,1,0,34,34,34,83.8130560000427,,,,,,,,,,,,,,83.80597630003467,83.82162860035896,83.82162860035896,83.82162860035896,84.82159390021116,84.81315440032631,85.81299180025235,85.80571820028126,None,1,None,2563008.9179172,85.81299180025235,85.81299180025235,,,,,dontuse,001,2026-07-12_16h18.39.406,untitled,,2026.1.3,120.31233038668499,2026-07-12 16h19.09.703884 -0700,
"[0.2, -0.2]",None,35,35,0,None,1,0,35,35,35,85.81299180025235,,,,,,,,,,,,,,85.80636310018599,85.81299180025235,85.81299180025235,85.81299180025235,86.82185720000416,86.80497199995443,87.81328830029815,87.80543970037252,None,1,None,2563010.9182873,87.80508860014379,87.80508860014379,,,,,dontuse,001,2026-07-12_16h18.39.406,untitled,,2026.1.3,120.31233038668499,2026-07-12 16h19.09.703884 -0700,
"[0.2, -0.2]",None,36,36,0,None,1,0,36,36,36,87.81328830029815,,,,,,,,,,,,,,87.80599940009415,87.82168180029839,87.82168180029839,87.82168180029839,88.82166270026937,88.81324300030246,89.81310610007495,89.80565200001001,None,1,None,2563012.9179356,89.81310610007495,89.81310610007495,,,,,dontuse,001,2026-07-12_16h18.39.406,untitled,,2026.1.3,120.31233038668499,2026-07-12 16h19.09.703884 -0700,
"[0, 0.2]",None,37,37,0,None,1,0,37,37,37,89.81310610007495,,,,,,,,,,,,,,89.80625860020518,89.81310610007495,89.81310610007495,89.81310610007495,90.82166550029069,90.8050550003536,91.81306109996513,91.80564120039344,None,1,None,2563014.9181969,91.80527390027419,91.80527390027419,,,,,dontuse,001,2026-07-12_16h18.39.406,untitled,,2026.1.3,120.31233038668499,2026-07-12 16h19.09.703884 -0700,
"[0.2, -0.2]",space,38,38,0,None,0,0,38,38,38,91.81306109996513,,,,,,,,,,,,,,91.80629099998623,91.81306109996513,91.81306109996513,91.81306109996513,92.82184870028868,92.80515959998593,93.81334410002455,93.80548340035602,None,0,None,2563016.9182245,93.805041000247,93.805041000247,,,,,dontuse,001,2026-07-12_16h18.39.406,untitled,,2026.1.3,120.31233038668499,2026-07-12 16h19.09.703884 -0700,
"[-0.2, 0.2]",None,39,39,0,None,1,0,39,39,39,93.81334410002455,,,,,,,,,,,,,,93.80604820000008,93.82169350003824,93.82169350003824,93.82169350003824,94.81325250025839,94.81325250025839,95.80528970016167,95.80574520025402,None,1,None,2563018.9180021,95.81318520009518,95.81318520009518,,,,,dontuse,001,2026-07-12_16h18.39.406,untitled,,2026.1.3,120.31233038668499,2026-07-12 16h19.09.703884 -0700,
"[0, -0.2]",None,40,40,0,None,1,0,40,40,40,95.81318520009518,,,,,,,,,,,,,,95.80630630021915,95.81318520009518,95.81318520009518,95.81318520009518,96.82169080013409,96.80492100026459,97.81326330034062,97.80577490013093,None,1,None,2563020.9182574,97.80536270001903,97.80536270001903,,,,,dontuse,001,2026-07-12_16h18.39.406,untitled,,2026.1.3,120.31233038668499,2026-07-12 16h19.09.703884 -0700,
"[-0.2, 0.2]",space,41,41,0,None,0,0,41,41,41,97.81326330034062,,,,,,,,,,,,,,97.80636369995773,97.81326330034062,97.81326330034062,97.81326330034062,98.8218916002661,98.80501830019057,99.81347020016983,99.80542570026591,None,0,None,2563022.9183096,99.805024900008,99.805024900008,,,,,dontuse,001,2026-07-12_16h18.39.406,untitled,,2026.1.3,120.31233038668499,2026-07-12 16h19.09.703884 -0700,
"[0.2, 0]",None,42,42,0,None,1,0,42,42,42,99.81347020016983,,,,,,,,,,,,,,99.80656530009583,99.82202620012686,99.82202620012686,99.82202620012686,100.82182490034029,100.81368770031258,101.81343000009656,101.80558690009639,None,1,None,2563024.9185019,101.81343000009656,101.81343000009656,,,,,dontuse,001,2026-07-12_16h18.39.406,untitled,,2026.1.3,120.31233038668499,2026-07-12 16h19.09.703884 -0700,
"[0, 0]",None,43,43,0,None,1,0,43,43,43,101.81343000009656,,,,,,,,,,,,,,101.80612760037184,101.81343000009656,101.81343000009656,101.81343000009656,102.82191290007904,102.80520200030878,103.81364380009472,103.80550280027092,None,1,None,2563026.9180734,103.8051649001427,103.8051649001427,,,,,dontuse,001,2026-07-12_16h18.39.406,untitled,,2026.1.3,120.31233038668499,2026-07-12 16h19.09.703884 -0700,
"[0.2, 0]",space,44,44,0,None,0,0,44,44,44,103.81364380009472,,,,,,,,,,,,,,103.8059885003604,103.82198900030926,103.82198900030926,103.82198900030926,104.81434349995106,104.81434349995106,105.80533900018781,105.8057299000211,None,0,None,2563028.917945,105.81343500036746,105.81343500036746,,,,,dontuse,001,2026-07-12_16h18.39.406,untitled,,2026.1.3,120.31233038668499,2026-07-12 16h19.09.703884 -0700,
"[0, 0.2]",None,45,45,0,None,1,0,45,45,45,105.81343500036746,,,,,,,,,,,,,,105.80644890014082,105.81343500036746,105.81343500036746,105.81343500036746,106.81369400024414,106.80532520031556,107.80581400031224,107.7979856999591,None,1,None,2563030.9183832,107.80581400031224,107.80581400031224,,,,,dontuse,001,2026-07-12_16h18.39.406,untitled,,2026.1.3,120.31233038668499,2026-07-12 16h19.09.703884 -0700,
"[0.2, 0.2]",None,46,46,0,None,1,0,46,46,46,107.80581400031224,,,,,,,,,,,,,,107.79858830012381,107.81397450016811,107.81397450016811,107.81397450016811,108.81369240023196,108.80545009998605,109.80532820010558,109.797535400372,None,1,None,2563032.9105224,109.80532820010558,109.80532820010558,,,,,dontuse,001,2026-07-12_16h18.39.406,untitled,,2026.1.3,120.31233038668499,2026-07-12 16h19.09.703884 -0700,
"[0, 0]",None,47,47,0,None,1,0,47,47,47,109.80532820010558,,,,,,,,,,,,,,109.79811450000852,109.81381860002875,109.81381860002875,109.81381860002875,110.81375690037385,110.80555720021948,111.80585120012984,111.79783700034022,None,1,None,2563034.9100664,111.80585120012984,111.80585120012984,,,,,dontuse,001,2026-07-12_16h18.39.406,untitled,,2026.1.3,120.31233038668499,2026-07-12 16h19.09.703884 -0700,
"[0, -0.2]",None,48,48,0,None,1,0,48,48,48,111.80585120012984,,,,,,,,,,,,,,111.79838440008461,111.81395860016346,111.81395860016346,111.81395860016346,112.81403390038759,112.80547680007294,113.80569800036028,113.7978714001365,None,1,None,2563036.9103256,113.80569800036028,113.80569800036028,,,,,dontuse,001,2026-07-12_16h18.39.406,untitled,,2026.1.3,120.31233038668499,2026-07-12 16h19.09.703884 -0700,
"[-0.2, -0.2]",None,49,49,0,None,1,0,49,49,49,113.80569800036028,,,,,,,,,,,,,,113.79838730022311,113.81407550023869,113.81407550023869,113.81407550023869,114.81388849997893,114.80566460033879,115.80541460029781,115.79768320033327,None,1,None,2563038.9103435,115.80541460029781,115.80541460029781,,,,,dontuse,001,2026-07-12_16h18.39.406,untitled,,2026.1.3,120.31233038668499,2026-07-12 16h19.09.703884 -0700,
"[0, -0.2]",space,50,50,0,None,0,0,50,50,50,115.80541460029781,,,,,,,,,,,,,,115.79834040021524,115.81380050024018,115.81380050024018,115.81380050024018,116.81408759998158,116.80579640017822,117.80557249998674,117.79771560011432,None,0,None,2563040.9102778,117.80557249998674,117.80557249998674,,,,,dontuse,001,2026-07-12_16h18.39.406,untitled,,2026.1.3,120.31233038668499,2026-07-12 16h19.09.703884 -0700,
"[0, 0.2]",None,51,51,0,None,1,0,51,51,51,117.80557249998674,,,,,,,,,,,,,,117.79830410005525,117.81381059996784,117.81381059996784,117.81381059996784,118.81389130000025,118.80585240013897,119.80542850028723,119.79749480029568,None,1,None,2563042.9102541,119.80542850028723,119.80542850028723,,,,,dontuse,001,2026-07-12_16h18.39.406,untitled,,2026.1.3,120.31233038668499,2026-07-12 16h19.09.703884 -0700,
"[0, 0.2]",None,52,52,0,None,1,0,52,52,52,119.80542850028723,,,,,,,,,,,,,,119.79801110038534,119.81395260011777,119.81395260011777,119.81395260011777,120.81398440012708,120.80545920040458,121.80559650016949,121.79788399999961,None,1,None,2563044.9099633,121.80559650016949,121.80559650016949,,,,,dontuse,001,2026-07-12_16h18.39.406,untitled,,2026.1.3,120.31233038668499,2026-07-12 16h19.09.703884 -0700,
"[-0.2, -0.2]",None,53,53,0,None,1,0,53,53,53,121.80559650016949,,,,,,,,,,,,,,121.79860200034454,121.81407780013978,121.81407780013978,121.81407780013978,122.81397589994594,122.805602400098,123.80572750000283,123.79773710016161,None,1,None,2563046.9105336,123.80572750000283,123.80572750000283,,,,,dontuse,001,2026-07-12_16h18.39.406,untitled,,2026.1.3,120.31233038668499,2026-07-12 16h19.09.703884 -0700,
"[0, 0]",None,54,54,0,None,1,0,54,54,54,123.80572750000283,,,,,,,,,,,,,,123.79829049995169,123.813992400188,123.813992400188,123.813992400188,124.8141117002815,124.80564420018345,125.80561310006306,125.79769719997421,None,1,None,2563048.9102404,125.80561310006306,125.80561310006306,,,,,dontuse,001,2026-07-12_16h18.39.406,untitled,,2026.1.3,120.31233038668499,2026-07-12 16h19.09.703884 -0700,
"[-0.2, -0.2]",space,55,55,0,None,0,0,55,55,55,125.80561310006306,,,,,,,,,,,,,,125.79827910009772,125.81394400028512,125.81394400028512,125.81394400028512,126.81392140034586,126.80586500000209,127.80575300008059,127.79794770013541,None,0,None,2563050.9102173,127.80575300008059,127.80575300008059,,,,,dontuse,001,2026-07-12_16h18.39.406,untitled,,2026.1.3,120.31233038668499,2026-07-12 16h19.09.703884 -0700,
"[0, 0]",space,56,56,0,None,0,0,56,56,56,127.80575300008059,,,,,,,,,,,,,,127.79855279996991,127.81396300019696,127.81396300019696,127.81396300019696,128.8140434003435,128.80582900019363,129.80581390019506,129.79783990001306,None,0,None,2563052.9105019,129.80581390019506,129.80581390019506,,,,,dontuse,001,2026-07-12_16h18.39.406,untitled,,2026.1.3,120.31233038668499,2026-07-12 16h19.09.703884 -0700,
"[-0.2, 0]",None,57,57,0,None,1,0,57,57,57,129.80581390019506,,,,,,,,,,,,,,129.79838120006025,129.81407780013978,129.81407780013978,129.81407780013978,130.81417520018294,130.80575230019167,131.80626030033454,131.7978181000799,None,1,None,2563054.9103289,131.80626030033454,131.80626030033454,,,,,dontuse,001,2026-07-12_16h18.39.406,untitled,,2026.1.3,120.31233038668499,2026-07-12 16h19.09.703884 -0700,
"[0.2, 0]",None,58,58,0,None,1,0,58,58,58,131.80626030033454,,,,,,,,,,,,,,131.7984148999676,131.8141109002754,131.8141109002754,131.8141109002754,132.8144869003445,132.80615260032937,133.8059457000345,133.79764230037108,None,1,None,2563056.9103585,133.8059457000345,133.8059457000345,,,,,dontuse,001,2026-07-12_16h18.39.406,untitled,,2026.1.3,120.31233038668499,2026-07-12 16h19.09.703884 -0700,
"[0, -0.2]",None,59,59,0,None,1,0,59,59,59,133.8059457000345,,,,,,,,,,,,,,133.7982241003774,133.81414380017668,133.81414380017668,133.81414380017668,134.8142483001575,134.80620690016076,135.80629019998014,135.79805730003864,None,1,None,2563058.9101665,135.80629019998014,135.80629019998014,,,,,dontuse,001,2026-07-12_16h18.39.406,untitled,,2026.1.3,120.31233038668499,2026-07-12 16h19.09.703884 -0700,
"[0.2, 0]",space,60,60,0,None,0,0,60,60,60,135.80629019998014,,,,,,,,,,,,,,135.79871160024777,135.81435939995572,135.81435939995572,135.81435939995572,136.8143507000059,136.80604099994525,137.80605210037902,137.79818380018696,None,0,None,2563060.9106638,137.80605210037902,137.80605210037902,,,,,dontuse,001,2026-07-12_16h18.39.406,untitled,,2026.1.3,120.31233038668499,2026-07-12 16h19.09.703884 -0700,
"[-0.2, 0]",None,61,61,0,None,1,0,61,61,61,137.80605210037902,,,,,,,,,,,,,,137.79875970026478,137.8143172999844,137.8143172999844,137.8143172999844,138.81440190039575,138.80633960012347,139.8061385001056,139.79803680023178,None,1,None,2563062.9107081,139.8061385001056,139.8061385001056,,,,,dontuse,001,2026-07-12_16h18.39.406,untitled,,2026.1.3,120.31233038668499,2026-07-12 16h19.09.703884 -0700,
"[0, 0.2]",None,62,62,0,None,1,0,62,62,62,139.8061385001056,,,,,,,,,,,,,,139.7989990003407,139.81459349999204,139.81459349999204,139.81459349999204,140.8144201003015,140.8058863002807,141.80596760008484,141.7981279999949,None,1,None,2563064.9109558,141.80596760008484,141.80596760008484,,,,,dontuse,001,2026-07-12_16h18.39.406,untitled,,2026.1.3,120.31233038668499,2026-07-12 16h19.09.703884 -0700,
"[0, -0.2]",None,63,63,0,None,1,0,63,63,63,141.80596760008484,,,,,,,,,,,,,,141.79867530008778,141.81441310001537,141.81441310001537,141.81441310001537,142.81451180018485,142.80630600033328,143.80607300018892,143.79813500028104,None,1,None,2563066.9106281,143.80607300018892,143.80607300018892,,,,,dontuse,001,2026-07-12_16h18.39.406,untitled,,2026.1.3,120.31233038668499,2026-07-12 16h19.09.703884 -0700,
"[0, 0]",None,64,64,0,None,1,0,64,64,64,143.80607300018892,,,,,,,,,,,,,,143.79874500026926,143.81461920030415,143.81461920030415,143.81461920030415,144.81475050002337,144.80627840012312,145.80602290015668,145.7984771002084,None,1,None,2563068.9106892,145.80602290015668,145.80602290015668,,,,,dontuse,001,2026-07-12_16h18.39.406,untitled,,2026.1.3,120.31233038668499,2026-07-12 16h19.09.703884 -0700,
"[0, -0.2]",space,65,65,0,None,0,0,65,65,65,145.80602290015668,,,,,,,,,,,,,,145.79904330009595,145.81459109997377,145.81459109997377,145.81459109997377,146.81475910032168,146.80598590010777,147.80620200000703,147.79853160027415,None,0,None,2563070.9109926,147.80620200000703,147.80620200000703,,,,,dontuse,001,2026-07-12_16h18.39.406,untitled,,2026.1.3,120.31233038668499,2026-07-12 16h19.09.703884 -0700,
"[0, -0.2]",None,66,66,0,None,1,0,66,66,66,147.80620200000703,,,,,,,,,,,,,,147.79912850027904,147.8146591000259,147.8146591000259,147.8146591000259,148.8145582000725,148.80622610030696,149.80629900004715,149.79838650021702,None,1,None,2563072.9110741,149.80629900004715,149.80629900004715,,,,,dontuse,001,2026-07-12_16h18.39.406,untitled,,2026.1.3,120.31233038668499,2026-07-12 16h19.09.703884 -0700,
"[0, -0.2]",space,67,67,0,None,0,0,67,67,67,149.80629900004715,,,,,,,,,,,,,,149.79902090039104,149.81460590008646,149.81460590008646,149.81460590008646,150.81492670020089,150.80655620014295,151.8062756001018,151.79835329996422,None,0,None,2563074.9109584,151.8062756001018,151.8062756001018,,,,,dontuse,001,2026-07-12_16h18.39.406,untitled,,2026.1.3,120.31233038668499,2026-07-12 16h19.09.703884 -0700,
"[0, 0.2]",None,68,68,0,None,1,0,68,68,68,151.8062756001018,,,,,,,,,,,,,,151.79889790015295,151.81448930036277,151.81448930036277,151.81448930036277,152.81471580034122,152.8063452001661,153.80637830030173,153.7984955003485,None,1,None,2563076.9108479,153.80637830030173,153.80637830030173,,,,,dontuse,001,2026-07-12_16h18.39.406,untitled,,2026.1.3,120.31233038668499,2026-07-12 16h19.09.703884 -0700,
"[-0.2, 0]",None,69,69,0,None,1,0,69,69,69,153.80637830030173,,,,,,,,,,,,,,153.79908010037616,153.8147464999929,153.8147464999929,153.8147464999929,154.81464770017192,154.80642140004784,155.80663720006123,155.79830540018156,None,1,None,2563078.9110274,155.80663720006123,155.80663720006123,,,,,dontuse,001,2026-07-12_16h18.39.406,untitled,,2026.1.3,120.31233038668499,2026-07-12 16h19.09.703884 -0700,
"[0, 0]",None,70,70,0,None,1,0,70,70,70,155.80663720006123,,,,,,,,,,,,,,155.79883350012824,155.81459690025076,155.81459690025076,155.81459690025076,156.81482990039513,156.80646200012416,157.80667780013755,157.79847969999537,None,1,None,2563080.910785,157.80667780013755,157.80667780013755,,,,,dontuse,001,2026-07-12_16h18.39.406,untitled,,2026.1.3,120.31233038668499,2026-07-12 16h19.09.703884 -0700,
"[0, 0.2]",None,71,71,0,None,1,0,71,71,71,157.80667780013755,,,,,,,,,,,,,,157.7990658003837,157.81464380025864,157.81464380025864,157.81464380025864,158.8149761003442,158.80666470015422,159.80652870004997,159.79859780007973,None,1,None,2563082.9110046,159.80652870004997,159.80652870004997,,,,,dontuse,001,2026-07-12_16h18.39.406,untitled,,2026.1.3,120.31233038668499,2026-07-12 16h19.09.703884 -0700,
"[0, -0.2]",None,72,72,0,None,1,0,72,72,72,159.80652870004997,,,,,,,,,,,,,,159.7992312000133,159.81477040005848,159.81477040005848,159.81477040005848,160.81488399999216,160.80671170027927,161.80678550014272,161.7987041999586,None,1,None,2563084.9111721,161.80678550014272,161.80678550014272,,,,,dontuse,001,2026-07-12_16h18.39.406,untitled,,2026.1.3,120.31233038668499,2026-07-12 16h19.09.703884 -0700,
"[0.2, 0.2]",None,73,73,0,None,1,0,73,73,73,161.80678550014272,,,,,,,,,,,,,,161.7993498002179,161.81483650021255,161.81483650021255,161.81483650021255,162.81486750021577,162.8066761000082,163.806751600001,163.79847360029817,None,1,None,2563086.9113021,163.806751600001,163.806751600001,,,,,dontuse,001,2026-07-12_16h18.39.406,untitled,,2026.1.3,120.31233038668499,2026-07-12 16h19.09.703884 -0700,
"[0.2, 0]",None,74,74,0,None,1,0,74,74,74,163.806751600001,,,,,,,,,,,,,,163.799097600393,163.81477930024266,163.81477930024266,163.81477930024266,164.8150312001817,164.8066195002757,165.8065298004076,165.7987612001598,None,1,None,2563088.9110233,165.8065298004076,165.8065298004076,,,,,dontuse,001,2026-07-12_16h18.39.406,untitled,,2026.1.3,120.31233038668499,2026-07-12 16h19.09.703884 -0700,
"[-0.2, -0.2]",None,75,75,0,None,1,0,75,75,75,165.8065298004076,,,,,,,,,,,,,,165.79943890031427,165.8149504000321,165.8149504000321,165.8149504000321,166.81494340021163,166.80654190015048,167.8065595002845,167.7988404999487,None,1,None,2563090.9113862,167.8065595002845,167.8065595002845,,,,,dontuse,001,2026-07-12_16h18.39.406,untitled,,2026.1.3,120.31233038668499,2026-07-12 16h19.09.703884 -0700,
"[0.2, 0]",space,76,76,0,None,0,0,76,76,76,167.8065595002845,,,,,,,,,,,,,,167.79954600008205,167.81495210016146,167.81495210016146,167.81495210016146,168.8147768001072,168.8067042999901,169.80673760036007,169.7986930999905,None,0,None,2563092.9114878,169.80673760036007,169.80673760036007,,,,,dontuse,001,2026-07-12_16h18.39.406,untitled,,2026.1.3,120.31233038668499,2026-07-12 16h19.09.703884 -0700,
"[-0.2, -0.2]",space,77,77,0,None,0,0,77,77,77,169.80673760036007,,,,,,,,,,,,,,169.79925110004842,169.81668250029907,169.81668250029907,169.81668250029907,170.8149205003865,170.8149205003865,171.80693760002032,171.8072705999948,None,0,None,2563094.9112052,171.81488930014893,171.81488930014893,,,,,dontuse,001,2026-07-12_16h18.39.406,untitled,,2026.1.3,120.31233038668499,2026-07-12 16h19.09.703884 -0700,
"[0, 0]",None,78,78,0,None,1,0,78,78,78,171.81488930014893,,,,,,,,,,,,,,171.807790200226,171.81488930014893,171.81488930014893,171.81488930014893,172.81541560031474,172.80672540003434,173.80675650015473,173.79897200036794,None,1,None,2563096.9197446,173.80675650015473,173.80675650015473,,,,,dontuse,001,2026-07-12_16h18.39.406,untitled,,2026.1.3,120.31233038668499,2026-07-12 16h19.09.703884 -0700,
"[0, -0.2]",None,79,79,0,None,1,0,79,79,79,173.80675650015473,,,,,,,,,,,,,,173.79960900032893,173.81498600030318,173.81498600030318,173.81498600030318,174.81516260001808,174.8067543003708,175.80682840012014,175.7989835003391,None,1,None,2563098.9115549,175.80682840012014,175.80682840012014,,,,,dontuse,001,2026-07-12_16h18.39.406,untitled,,2026.1.3,120.31233038668499,2026-07-12 16h19.09.703884 -0700,
"[0.2, 0]",None,80,80,0,None,1,0,80,80,80,175.80682840012014,,,,,,,,,,,,,,175.79949390003458,175.8152626999654,175.8152626999654,175.8152626999654,176.81511610001326,176.80697449995205,177.80686110025272,177.79877400025725,None,1,None,2563100.9114516,177.80686110025272,177.80686110025272,,,,,dontuse,001,2026-07-12_16h18.39.406,untitled,,2026.1.3,120.31233038668499,2026-07-12 16h19.09.703884 -0700,
"[0, -0.2]",space,81,81,0,None,0,0,81,81,81,177.80686110025272,,,,,,,,,,,,,,177.79932350013405,177.81532660033554,177.81532660033554,177.81532660033554,178.8152987002395,178.80694380030036,179.80695500038564,179.7990140002221,None,0,None,2563102.9112734,179.80695500038564,179.80695500038564,,,,,dontuse,001,2026-07-12_16h18.39.406,untitled,,2026.1.3,120.31233038668499,2026-07-12 16h19.09.703884 -0700,
"[0, 0]",None,82,82,0,None,1,0,82,82,82,179.80695500038564,,,,,,,,,,,,,,179.79967130022123,179.81530820019543,179.81530820019543,179.81530820019543,180.8181748003699,180.80695490026847,181.81503680022433,181.8075664001517,None,1,None,2563104.9116097,181.80722790025175,181.80722790025175,,,,,dontuse,001,2026-07-12_16h18.39.406,untitled,,2026.1.3,120.31233038668499,2026-07-12 16h19.09.703884 -0700,
"[0.2, 0.2]",None,83,83,0,None,1,0,83,83,83,181.81503680022433,,,,,,,,,,,,,,181.80809720000252,181.81503680022433,181.81503680022433,181.81503680022433,182.81534210033715,182.8070489000529,183.8070035004057,183.7990578999743,None,1,None,2563106.9200547,183.8070035004057,183.8070035004057,,,,,dontuse,001,2026-07-12_16h18.39.406,untitled,,2026.1.3,120.31233038668499,2026-07-12 16h19.09.703884 -0700,
"[0, -0.2]",None,84,84,0,None,1,0,84,84,84,183.8070035004057,,,,,,,,,,,,,,183.7997125000693,183.81553400028497,183.81553400028497,183.81553400028497,184.81531880004331,184.80721180001274,185.80689360015094,185.7989679002203,None,1,None,2563108.9116559,185.80689360015094,185.80689360015094,,,,,dontuse,001,2026-07-12_16h18.39.406,untitled,,2026.1.3,120.31233038668499,2026-07-12 16h19.09.703884 -0700,
"[0.2, 0]",None,85,85,0,None,1,0,85,85,85,185.80689360015094,,,,,,,,,,,,,,185.7995167002082,185.81562100024894,185.81562100024894,185.81562100024894,186.81561319995672,186.80703609995544,187.80702370032668,187.79906700039282,None,1,None,2563110.9114659,187.80702370032668,187.80702370032668,,,,,dontuse,001,2026-07-12_16h18.39.406,untitled,,2026.1.3,120.31233038668499,2026-07-12 16h19.09.703884 -0700,
"[0, 0.2]",None,86,86,0,None,1,0,86,86,86,187.80702370032668,,,,,,,,,,,,,,187.79973690025508,187.81549830036238,187.81549830036238,187.81549830036238,188.81549279997125,188.80704710027203,189.80777590023354,189.79946660017595,None,1,None,2563112.9116712,189.80777590023354,189.80777590023354,,,,,dontuse,001,2026-07-12_16h18.39.406,untitled,,2026.1.3,120.31233038668499,2026-07-12 16h19.09.703884 -0700,
"[0.2, 0]",space,87,87,0,None,0,0,87,87,87,189.80777590023354,,,,,,,,,,,,,,189.80016250023618,189.81571710016578,189.81571710016578,189.81571710016578,190.81590110016987,190.80758260004222,191.80759810004383,191.79945820011199,None,0,None,2563114.9121077,191.80759810004383,191.80759810004383,,,,,dontuse,001,2026-07-12_16h18.39.406,untitled,,2026.1.3,120.31233038668499,2026-07-12 16h19.09.703884 -0700,
"[0, -0.2]",None,88,88,0,None,1,0,88,88,88,191.80759810004383,,,,,,,,,,,,,,191.79998870007694,191.81585580017418,191.81585580017418,191.81585580017418,192.81586520001292,192.80791820026934,193.80781220039353,193.79985720012337,None,1,None,2563116.9119416,193.80781220039353,193.80781220039353,,,,,dontuse,001,2026-07-12_16h18.39.406,untitled,,2026.1.3,120.31233038668499,2026-07-12 16h19.09.703884 -0700,
"[0.2, 0.2]",None,89,89,0,None,1,0,89,89,89,193.80781220039353,,,,,,,,,,,,,,193.80050430027768,193.8160980003886,193.8160980003886,193.8160980003886,194.81598119996488,194.80753860017285,195.80760610010475,195.7997397002764,None,1,None,2563118.9124412,195.80760610010475,195.80760610010475,,,,,dontuse,001,2026-07-12_16h18.39.406,untitled,,2026.1.3,120.31233038668499,2026-07-12 16h19.09.703884 -0700,
"[0.2, 0]",None,90,90,0,None,1,0,90,90,90,195.80760610010475,,,,,,,,,,,,,,195.8003351003863,195.81592870038003,195.81592870038003,195.81592870038003,196.8161670002155,196.80758490040898,197.807643300388,197.79971050005406,None,1,None,2563120.9122804,197.807643300388,197.807643300388,,,,,dontuse,001,2026-07-12_16h18.39.406,untitled,,2026.1.3,120.31233038668499,2026-07-12 16h19.09.703884 -0700,
"[0, 0]",None,91,91,0,None,1,0,91,91,91,197.807643300388,,,,,,,,,,,,,,197.80030600028113,197.81606570025906,197.81606570025906,197.81606570025906,198.81634020013735,198.80781850032508,199.80766770010814,199.79986410029233,None,1,None,2563122.9122482,199.80766770010814,199.80766770010814,,,,,dontuse,001,2026-07-12_16h18.39.406,untitled,,2026.1.3,120.31233038668499,2026-07-12 16h19.09.703884 -0700,
"[0, -0.2]",None,92,92,0,None,1,0,92,92,92,199.80766770010814,,,,,,,,,,,,,,199.80045880004764,199.8161965003237,199.8161965003237,199.8161965003237,200.81595299998298,200.80783390020952,201.8077251999639,201.7998339002952,None,1,None,2563124.9124064,201.8077251999639,201.8077251999639,,,,,dontuse,001,2026-07-12_16h18.39.406,untitled,,2026.1.3,120.31233038668499,2026-07-12 16h19.09.703884 -0700,
"[0, 0]",space,93,93,0,None,0,0,93,93,93,201.8077251999639,,,,,,,,,,,,,,201.80040629999712,201.8160935002379,201.8160935002379,201.8160935002379,202.81611540028825,202.8078125002794,203.80812720023096,203.79984320001677,None,0,None,2563126.9123524,203.80812720023096,203.80812720023096,,,,,dontuse,001,2026-07-12_16h18.39.406,untitled,,2026.1.3,120.31233038668499,2026-07-12 16h19.09.703884 -0700,
"[0.2, 0.2]",None,94,94,0,None,1,0,94,94,94,203.80812720023096,,,,,,,,,,,,,,203.80037640035152,203.81603310024366,203.81603310024366,203.81603310024366,204.81616759998724,204.8077428000979,205.80780050018802,205.8001348003745,None,1,None,2563128.9123317,205.80780050018802,205.80780050018802,,,,,dontuse,001,2026-07-12_16h18.39.406,untitled,,2026.1.3,120.31233038668499,2026-07-12 16h19.09.703884 -0700,
"[0.2, 0.2]",None,95,95,0,None,1,0,95,95,95,205.80780050018802,,,,,,,,,,,,,,205.80073769995943,205.81606620037928,205.81606620037928,205.81606620037928,206.81618530023843,206.80806720023975,207.80796660017222,207.80021480005234,None,1,None,2563130.9126845,207.80796660017222,207.80796660017222,,,,,dontuse,001,2026-07-12_16h18.39.406,untitled,,2026.1.3,120.31233038668499,2026-07-12 16h19.09.703884 -0700,
"[0.2, 0]",None,96,96,0,None,1,0,96,96,96,207.80796660017222,,,,,,,,,,,,,,207.8007630002685,207.81671080039814,207.81671080039814,207.81671080039814,208.81621480034664,208.808136400301,209.80803690012544,209.80004500038922,None,1,None,2563132.9127192,209.80803690012544,209.80803690012544,,,,,dontuse,001,2026-07-12_16h18.39.406,untitled,,2026.1.3,120.31233038668499,2026-07-12 16h19.09.703884 -0700,
"[-0.2, 0]",None,97,97,0,None,1,0,97,97,97,209.80803690012544,,,,,,,,,,,,,,209.80064090015367,209.81628090003505,209.81628090003505,209.81628090003505,210.81623390037566,210.80806210031733,211.80804770020768,211.80005080020055,None,1,None,2563134.9125856,211.80804770020768,211.80804770020768,,,,,dontuse,001,2026-07-12_16h18.39.406,untitled,,2026.1.3,120.31233038668499,2026-07-12 16h19.09.703884 -0700,
"[-0.2, -0.2]",None,98,98,0,None,1,0,98,98,98,211.80804770020768,,,,,,,,,,,,,,211.80065640015528,211.8163087000139,211.8163087000139,211.8163087000139,212.816324100364,212.8079067999497,213.80815719999373,213.79989040037617,None,1,None,2563136.9126066,213.80815719999373,213.80815719999373,,,,,dontuse,001,2026-07-12_16h18.39.406,untitled,,2026.1.3,120.31233038668499,2026-07-12 16h19.09.703884 -0700,
"[0, -0.2]",None,99,99,0,None,1,0,99,99,99,213.80815719999373,,,,,,,,,,,,,,213.80046250019222,213.81639209995046,213.81639209995046,213.81639209995046,214.8164340001531,214.80815910035744,215.8080750000663,215.8000187999569,None,1,None,2563138.912407,215.8080750000663,215.8080750000663,,,,,dontuse,001,2026-07-12_16h18.39.406,untitled,,2026.1.3,120.31233038668499,2026-07-12 16h19.09.703884 -0700,
,,,,,,,,,,,,,,,,,,,,,,,,,,,,,,,,,,,,,,,215.8001979002729,215.81638830015436,218.8080164999701,218.80008830036968,dontuse,001,2026-07-12_16h18.39.406,untitled,,2026.1.3,120.31233038668499,2026-07-12 16h19.09.703884 -0700,
