location,corrAns,thisN,thisTrialN,thisRepN,response_2.keys,response_2.corr,response_2.rt,response_2.duration,trials.thisRepN,trials.thisTrialN,trials.thisN,trials.thisIndex,thisRow.t,notes,piloting,Instructions_2.started,instructions_2.started,key_resp_2.started,Instructions_2.stopped,key_resp_2.keys,key_resp_2.rt,key_resp_2.duration,Fixation.started,fixation_1.started,fixation_1.stopped,Fixation.stopped,N_back_2_trials.started,grid_lines_2.started,target_square_2.started,response_2.started,fixation_3.started,target_square_2.stopped,fixation_3.stopped,N_back_2_trials.stopped,trials.response_2.keys,trials.response_2.corr,LIFU_marker,LSL_Time,grid_lines_2.stopped,response_2.stopped,trials.response_2.rt,trials.response_2.duration,participant,session,date,expName,expVersion,psychopyVersion,frameRate,expStart,
,,,,,,,,,,,,,,,False,0.005318499985150993,0.01717650005593896,0.01717650005593896,34.3141719000414,space,34.292121100006625,None,,,,,,,,,,,,,,,,,,,,,sham,001,2026-06-23_10h05.11.694,untitled,,2026.1.3,128.28045169638227,2026-06-23 10h05.12.120590 -0700,
,,,,,,,,,,,,,,,,,,,,,,,34.31428809999488,34.324618999962695,35.345249000005424,35.31257860001642,,,,,,,,,,,,,,,,,sham,001,2026-06-23_10h05.11.694,untitled,,2026.1.3,128.28045169638227,2026-06-23 10h05.12.120590 -0700,
"[0, 0]",None,0,0,0,None,1,,,0,0,0,0,35.345249000005424,,,,,,,,,,,,,,35.32975340005942,35.345249000005424,35.345249000005424,35.345249000005424,36.30623290000949,36.34043630002998,37.29871830006596,37.315655400045216,None,1,1.0,898867.610427,,,,,sham,001,2026-06-23_10h05.11.694,untitled,,2026.1.3,128.28045169638227,2026-06-23 10h05.12.120590 -0700,
"[0.2, 0]",None,1,1,0,None,1,,,0,1,1,1,37.32318259996828,,,,,,,,,,,,,,37.31664620002266,37.32318259996828,37.32318259996828,37.32318259996828,38.30627870000899,38.31462079996709,39.29842100001406,39.307237799977884,None,1,None,898869.5977551,39.31481860007625,39.31481860007625,,,sham,001,2026-06-23_10h05.11.694,untitled,,2026.1.3,128.28045169638227,2026-06-23 10h05.12.120590 -0700,
"[0, 0]",space,2,2,0,space,1,0.5872120999265462,0.11227629997301847,0,2,2,2,39.31481860007625,,,,,,,,,,,,,,39.307851399993524,39.31481860007625,39.31481860007625,39.31481860007625,40.306865700054914,40.306865700054914,41.29958450002596,41.30030170001555,space,1,0.0,898871.588997,41.307463800068945,41.307463800068945,0.5872120999265462,0.11227629997301847,sham,001,2026-06-23_10h05.11.694,untitled,,2026.1.3,128.28045169638227,2026-06-23 10h05.12.120590 -0700,
"[-0.2, 0.2]",None,3,3,0,None,1,,,0,3,3,3,41.307463800068945,,,,,,,,,,,,,,41.30111530004069,41.307463800068945,41.307463800068945,41.307463800068945,42.30717360007111,42.29864739999175,43.3058915999718,43.298066499992274,None,1,None,898873.5822058,43.3058915999718,43.3058915999718,,,sham,001,2026-06-23_10h05.11.694,untitled,,2026.1.3,128.28045169638227,2026-06-23 10h05.12.120590 -0700,
"[0.2, -0.2]",None,4,4,0,None,1,,,0,4,4,4,43.3058915999718,,,,,,,,,,,,,,43.29868460004218,43.3058915999718,43.3058915999718,43.3058915999718,44.30640510004014,44.297824100009166,45.298174099996686,45.28986969997641,None,1,None,898875.5798523,45.298174099996686,45.298174099996686,,,sham,001,2026-06-23_10h05.11.694,untitled,,2026.1.3,128.28045169638227,2026-06-23 10h05.12.120590 -0700,
"[-0.2, 0]",None,5,5,0,None,1,,,0,5,5,5,45.298174099996686,,,,,,,,,,,,,,45.2905626000138,45.30577740003355,45.30577740003355,45.30577740003355,46.307652199990116,46.298195700044744,47.30764590005856,47.29820630000904,None,1,None,898877.5716528,47.29750770004466,47.29750770004466,,,sham,001,2026-06-23_10h05.11.694,untitled,,2026.1.3,128.28045169638227,2026-06-23 10h05.12.120590 -0700,
"[0, -0.2]",None,6,6,0,None,1,,,0,6,6,6,47.30764590005856,,,,,,,,,,,,,,47.29896569997072,47.30764590005856,47.30764590005856,47.30764590005856,48.305825200048275,48.305825200048275,49.2975671000313,49.29819900006987,None,1,None,898879.5801258,49.30509739997797,49.30509739997797,,,sham,001,2026-06-23_10h05.11.694,untitled,,2026.1.3,128.28045169638227,2026-06-23 10h05.12.120590 -0700,
"[0.2, 0.2]",None,7,7,0,None,1,,,0,7,7,7,49.30509739997797,,,,,,,,,,,,,,49.298823600052856,49.30509739997797,49.30509739997797,49.30509739997797,50.30536660004873,50.2971873000497,51.297400400042534,51.290183300036006,None,1,None,898881.5799929,51.297400400042534,51.297400400042534,,,sham,001,2026-06-23_10h05.11.694,untitled,,2026.1.3,128.28045169638227,2026-06-23 10h05.12.120590 -0700,
"[0, -0.2]",space,8,8,0,space,1,0.4334814000176266,0.13853539992123842,0,8,8,8,51.297400400042534,,,,,,,,,,,,,,51.29070130002219,51.305590600008145,51.305590600008145,51.305590600008145,52.305916300043464,52.29854059999343,53.298353099962696,53.29049970000051,space,1,1.0,898883.5718858,53.298353099962696,53.298353099962696,0.4334814000176266,0.13853539992123842,sham,001,2026-06-23_10h05.11.694,untitled,,2026.1.3,128.28045169638227,2026-06-23 10h05.12.120590 -0700,
"[0, 0]",None,9,9,0,None,1,,,0,9,9,9,53.298353099962696,,,,,,,,,,,,,,53.29146810004022,53.30708369996864,53.30708369996864,53.30708369996864,54.30570989998523,54.298036799998954,55.29744690004736,55.290173300076276,None,1,None,898885.5725736,55.29744690004736,55.29744690004736,,,sham,001,2026-06-23_10h05.11.694,untitled,,2026.1.3,128.28045169638227,2026-06-23 10h05.12.120590 -0700,
"[0.2, 0]",None,10,10,0,None,1,,,0,10,10,10,55.29744690004736,,,,,,,,,,,,,,55.290889500058256,55.30636190006044,55.30636190006044,55.30636190006044,56.305994800059125,56.29747710004449,57.29707900003996,57.29064989998005,None,1,0.0,898887.5720245,57.29707900003996,57.29707900003996,,,sham,001,2026-06-23_10h05.11.694,untitled,,2026.1.3,128.28045169638227,2026-06-23 10h05.12.120590 -0700,
"[0, 0]",space,11,11,0,space,1,0.4355499999364838,0.13691760005895048,0,11,11,11,57.29707900003996,,,,,,,,,,,,,,57.29144860000815,57.306785900029354,57.306785900029354,57.306785900029354,58.30730850005057,58.29907120007556,59.29854450002313,59.29088830004912,space,1,None,898889.5725436,59.29854450002313,59.29854450002313,0.4355499999364838,0.13691760005895048,sham,001,2026-06-23_10h05.11.694,untitled,,2026.1.3,128.28045169638227,2026-06-23 10h05.12.120590 -0700,
"[0.2, -0.2]",None,12,12,0,None,1,,,0,12,12,12,59.29854450002313,,,,,,,,,,,,,,59.291602200013585,59.307108300039545,59.307108300039545,59.307108300039545,60.31250840006396,60.304226299980655,61.305794800049625,61.29781140002888,None,1,None,898891.5727511,61.305794800049625,61.305794800049625,,,sham,001,2026-06-23_10h05.11.694,untitled,,2026.1.3,128.28045169638227,2026-06-23 10h05.12.120590 -0700,
"[-0.2, -0.2]",None,13,13,0,None,1,,,0,13,13,13,61.305794800049625,,,,,,,,,,,,,,61.29877730004955,61.305794800049625,61.305794800049625,61.305794800049625,62.30994439998176,62.30317660002038,63.30538020003587,63.29838809999637,None,1,None,898893.5799414,63.2977274999721,63.2977274999721,,,sham,001,2026-06-23_10h05.11.694,untitled,,2026.1.3,128.28045169638227,2026-06-23 10h05.12.120590 -0700,
"[0.2, -0.2]",None,14,14,0,space,0,0.7440661999862641,0.12014969997107983,0,14,14,14,63.30538020003587,,,,,,,,,,,,,,63.29904620000161,63.30538020003587,63.30538020003587,63.30538020003587,64.30543930002023,64.29716550000012,65.29817740002181,65.28926990006585,space,0,None,898895.5802239,65.29817740002181,65.29817740002181,0.7440661999862641,0.12014969997107983,sham,001,2026-06-23_10h05.11.694,untitled,,2026.1.3,128.28045169638227,2026-06-23 10h05.12.120590 -0700,
"[-0.2, -0.2]",space,15,15,0,space,1,0.8258319000015035,0.140383500023745,0,15,15,15,65.29817740002181,,,,,,,,,,,,,,65.29006060003303,65.30607210006565,65.30607210006565,65.30607210006565,66.38125440001022,66.38125440001022,,67.31960499996785,space,1,1.0,898897.5711566,67.30429300002288,67.30429300002288,0.8258319000015035,0.140383500023745,sham,001,2026-06-23_10h05.11.694,untitled,,2026.1.3,128.28045169638227,2026-06-23 10h05.12.120590 -0700,
"[0, 0.2]",None,16,16,0,None,1,,,0,16,16,16,67.32771790004335,,,,,,,,,,,,,,67.32041719998233,67.32771790004335,67.32771790004335,67.32771790004335,68.31129880005028,68.31966360006481,69.3036174000008,69.31197270005941,None,1,None,898899.601553,69.31955939996988,69.31955939996988,,,sham,001,2026-06-23_10h05.11.694,untitled,,2026.1.3,128.28045169638227,2026-06-23 10h05.12.120590 -0700,
"[0.2, 0.2]",None,17,17,0,None,1,,,0,17,17,17,69.31955939996988,,,,,,,,,,,,,,69.31281560007483,69.31955939996988,69.31955939996988,69.31955939996988,70.31205850001425,70.31205850001425,71.30344629997853,71.30421329999808,None,1,None,898901.5939524,71.3110100000631,71.3110100000631,,,sham,001,2026-06-23_10h05.11.694,untitled,,2026.1.3,128.28045169638227,2026-06-23 10h05.12.120590 -0700,
"[0, 0]",None,18,18,0,None,1,,,0,18,18,18,71.3110100000631,,,,,,,,,,,,,,71.30472929996904,71.3110100000631,71.3110100000631,71.3110100000631,72.3113083000062,72.30328880005982,73.3035710999975,73.2955717999721,None,1,0.0,898903.5859136,73.3035710999975,73.3035710999975,,,sham,001,2026-06-23_10h05.11.694,untitled,,2026.1.3,128.28045169638227,2026-06-23 10h05.12.120590 -0700,
"[0, -0.2]",None,19,19,0,None,1,,,0,19,19,19,73.3035710999975,,,,,,,,,,,,,,73.29616550006904,73.31256560003385,73.31256560003385,73.31256560003385,74.31191799999215,74.30361060006544,75.30365120002534,75.2962467999896,None,1,None,898905.577346,75.30365120002534,75.30365120002534,,,sham,001,2026-06-23_10h05.11.694,untitled,,2026.1.3,128.28045169638227,2026-06-23 10h05.12.120590 -0700,
"[0.2, 0]",None,20,20,0,None,1,,,0,20,20,20,75.30365120002534,,,,,,,,,,,,,,75.29711549996864,75.31131450005341,75.31131450005341,75.31131450005341,76.31233810004778,76.30400780006312,77.30345500004478,77.295517200022,None,1,None,898907.5782161,77.30345500004478,77.30345500004478,,,sham,001,2026-06-23_10h05.11.694,untitled,,2026.1.3,128.28045169638227,2026-06-23 10h05.12.120590 -0700,
"[0, -0.2]",space,21,21,0,space,1,0.782161199953407,0.12798119999933988,0,21,21,21,77.30345500004478,,,,,,,,,,,,,,77.29606820002664,77.3126326999627,77.3126326999627,77.3126326999627,78.31122470006812,78.30313989997376,79.30454889999237,79.29601300007198,space,1,None,898909.5772525,79.30454889999237,79.30454889999237,0.782161199953407,0.12798119999933988,sham,001,2026-06-23_10h05.11.694,untitled,,2026.1.3,128.28045169638227,2026-06-23 10h05.12.120590 -0700,
"[-0.2, 0.2]",None,22,22,0,None,1,,,0,22,22,22,79.30454889999237,,,,,,,,,,,,,,79.29675229999702,79.31255939998664,79.31255939998664,79.31255939998664,80.31116250006016,80.30363270000089,81.30566369998269,81.29748030006886,None,1,None,898911.5778944,81.30566369998269,81.30566369998269,,,sham,001,2026-06-23_10h05.11.694,untitled,,2026.1.3,128.28045169638227,2026-06-23 10h05.12.120590 -0700,
"[0.2, -0.2]",None,23,23,0,None,1,,,0,23,23,23,81.30566369998269,,,,,,,,,,,,,,81.29859740007669,81.31213880004361,81.31213880004361,81.31213880004361,82.31336490006652,82.3044227999635,83.30411200004164,83.29661920003127,None,1,1.0,898913.5797312,83.30411200004164,83.30411200004164,,,sham,001,2026-06-23_10h05.11.694,untitled,,2026.1.3,128.28045169638227,2026-06-23 10h05.12.120590 -0700,
"[0, 0.2]",space,24,24,0,None,0,,,0,24,24,24,83.30411200004164,,,,,,,,,,,,,,83.29769040003885,83.31240429996978,83.31240429996978,83.31240429996978,84.30783200007863,84.30783200007863,85.30606189998798,85.29950049996842,None,0,None,898915.5788664,85.30606189998798,85.30606189998798,,,sham,001,2026-06-23_10h05.11.694,untitled,,2026.1.3,128.28045169638227,2026-06-23 10h05.12.120590 -0700,
"[0, 0]",None,25,25,0,None,1,,,0,25,25,25,85.30606189998798,,,,,,,,,,,,,,85.30017309996765,85.30606189998798,85.30606189998798,85.30606189998798,86.30896399996709,86.30060069996398,87.30108979996294,87.292819699971,None,1,0.0,898917.5813411,87.30108979996294,87.30108979996294,,,sham,001,2026-06-23_10h05.11.694,untitled,,2026.1.3,128.28045169638227,2026-06-23 10h05.12.120590 -0700,
"[0.2, 0.2]",None,26,26,0,None,1,,,0,26,26,26,87.30108979996294,,,,,,,,,,,,,,87.29342370002996,87.30905729997903,87.30905729997903,87.30905729997903,88.31015450006817,88.30216710001696,89.30274090007879,89.29438430001028,None,1,None,898919.574598,89.30274090007879,89.30274090007879,,,sham,001,2026-06-23_10h05.11.694,untitled,,2026.1.3,128.28045169638227,2026-06-23 10h05.12.120590 -0700,
"[0, 0]",space,27,27,0,space,1,0.6818030999274924,0.12643589999061078,0,27,27,27,89.30274090007879,,,,,,,,,,,,,,89.2947629999835,89.31024779996369,89.31024779996369,89.31024779996369,90.3122436000267,90.30342580005527,91.30257230007555,91.2961912000319,space,1,None,898921.5759573,91.30257230007555,91.30257230007555,0.6818030999274924,0.12643589999061078,sham,001,2026-06-23_10h05.11.694,untitled,,2026.1.3,128.28045169638227,2026-06-23 10h05.12.120590 -0700,
"[0, 0]",None,28,28,0,None,1,,,0,28,28,28,91.30257230007555,,,,,,,,,,,,,,91.29749879997689,91.31007690005936,91.31007690005936,91.31007690005936,92.31178400001954,92.30441490001976,93.3118175000418,93.30289419996552,None,1,None,898923.5786113,93.30227320000995,93.30227320000995,,,sham,001,2026-06-23_10h05.11.694,untitled,,2026.1.3,128.28045169638227,2026-06-23 10h05.12.120590 -0700,
"[0.2, 0]",None,29,29,0,None,1,,,0,29,29,29,93.3118175000418,,,,,,,,,,,,,,93.30366109998431,93.3118175000418,93.3118175000418,93.3118175000418,94.31093490007333,94.30240180005785,95.30232740007341,95.30292010004632,None,1,None,898925.5848255,95.31024740007706,95.31024740007706,,,sham,001,2026-06-23_10h05.11.694,untitled,,2026.1.3,128.28045169638227,2026-06-23 10h05.12.120590 -0700,
"[0, 0]",space,30,30,0,space,1,0.7283141000661999,0.1346313999965787,0,30,30,30,95.31024740007706,,,,,,,,,,,,,,95.30348630005028,95.31024740007706,95.31024740007706,95.31024740007706,96.31067060003988,96.30316890007816,97.30307510006242,97.29500430007465,space,1,None,898927.5846531,97.30307510006242,97.30307510006242,0.7283141000661999,0.1346313999965787,sham,001,2026-06-23_10h05.11.694,untitled,,2026.1.3,128.28045169638227,2026-06-23 10h05.12.120590 -0700,
"[0.2, 0.2]",None,31,31,0,None,1,,,0,31,31,31,97.30307510006242,,,,,,,,,,,,,,97.29582440003287,97.3104500999907,97.3104500999907,97.3104500999907,98.31042850005906,98.30191340006422,99.302119400003,99.29443830007222,None,1,1.0,898929.5769233,99.302119400003,99.302119400003,,,sham,001,2026-06-23_10h05.11.694,untitled,,2026.1.3,128.28045169638227,2026-06-23 10h05.12.120590 -0700,
"[0, 0.2]",None,32,32,0,None,1,,,0,32,32,32,99.302119400003,,,,,,,,,,,,,,99.29495660006069,99.31133900000714,99.31133900000714,99.31133900000714,100.31078569998499,100.30269380006939,101.30269260006025,101.2947519000154,None,1,None,898931.5761366,101.30269260006025,101.30269260006025,,,sham,001,2026-06-23_10h05.11.694,untitled,,2026.1.3,128.28045169638227,2026-06-23 10h05.12.120590 -0700,
"[-0.2, 0.2]",None,33,33,0,None,1,,,0,33,33,33,101.30269260006025,,,,,,,,,,,,,,101.29536580003332,101.31080209999345,101.31080209999345,101.31080209999345,102.31139350007288,102.30266000004485,103.31057550001424,103.30346980004106,None,1,0.0,898933.576537,103.30268059996888,103.30268059996888,,,sham,001,2026-06-23_10h05.11.694,untitled,,2026.1.3,128.28045169638227,2026-06-23 10h05.12.120590 -0700,
"[0.2, 0]",None,34,34,0,None,1,,,0,34,34,34,103.31057550001424,,,,,,,,,,,,,,103.30442369997036,103.31057550001424,103.31057550001424,103.31057550001424,104.31034600001294,104.30246190004982,105.30254539998714,105.29443540005013,None,1,None,898935.5855767,105.30254539998714,105.30254539998714,,,sham,001,2026-06-23_10h05.11.694,untitled,,2026.1.3,128.28045169638227,2026-06-23 10h05.12.120590 -0700,
"[-0.2, 0.2]",space,35,35,0,space,1,0.3712887999136001,0.13053610001225024,0,35,35,35,105.30254539998714,,,,,,,,,,,,,,105.2951563000679,105.31086840003263,105.31086840003263,105.31086840003263,106.31183190003503,106.30316110001877,107.31109730002936,107.30335950001609,space,1,None,898937.5763335,107.30247780005448,107.30247780005448,0.3712887999136001,0.13053610001225024,sham,001,2026-06-23_10h05.11.694,untitled,,2026.1.3,128.28045169638227,2026-06-23 10h05.12.120590 -0700,
"[0.2, 0]",space,36,36,0,space,1,0.5553659000433981,0.1366353000048548,0,36,36,36,107.31109730002936,,,,,,,,,,,,,,107.30442569998559,107.31109730002936,107.31109730002936,107.31109730002936,108.30726260005031,108.30726260005031,109.2977137999842,109.29854760004673,space,1,None,898939.5855682,109.30572030006442,109.30572030006442,0.5553659000433981,0.1366353000048548,sham,001,2026-06-23_10h05.11.694,untitled,,2026.1.3,128.28045169638227,2026-06-23 10h05.12.120590 -0700,
"[0.2, -0.2]",None,37,37,0,None,1,,,0,37,37,37,109.30572030006442,,,,,,,,,,,,,,109.29917170002591,109.30572030006442,109.30572030006442,109.30572030006442,110.30710860004183,110.29955580004025,111.31011840002611,111.29913120006677,None,1,None,898941.5803512,111.29846229997929,111.29846229997929,,,sham,001,2026-06-23_10h05.11.694,untitled,,2026.1.3,128.28045169638227,2026-06-23 10h05.12.120590 -0700,
"[-0.2, 0.2]",None,38,38,0,None,1,,,0,38,38,38,111.31011840002611,,,,,,,,,,,,,,111.30083760002162,111.31011840002611,111.31011840002611,111.31011840002611,112.30675840005279,112.30675840005279,113.29980629996862,113.30039630003739,None,1,None,898943.5819715,113.30935480003245,113.30935480003245,,,sham,001,2026-06-23_10h05.11.694,untitled,,2026.1.3,128.28045169638227,2026-06-23 10h05.12.120590 -0700,
"[-0.2, -0.2]",None,39,39,0,None,1,,,0,39,39,39,113.30935480003245,,,,,,,,,,,,,,113.30092239996884,113.30935480003245,113.30935480003245,113.30935480003245,114.30875419999938,114.30117950006388,115.30258919997141,115.29339850007091,None,1,None,898945.5821,115.30258919997141,115.30258919997141,,,sham,001,2026-06-23_10h05.11.694,untitled,,2026.1.3,128.28045169638227,2026-06-23 10h05.12.120590 -0700,
"[0, 0]",None,40,40,0,None,1,,,0,40,40,40,115.30258919997141,,,,,,,,,,,,,,115.29427439998835,115.30969130003359,115.30969130003359,115.30969130003359,116.30915670003742,116.30070590006653,117.30144860001747,117.29280220007058,None,1,None,898947.57541,117.30144860001747,117.30144860001747,,,sham,001,2026-06-23_10h05.11.694,untitled,,2026.1.3,128.28045169638227,2026-06-23 10h05.12.120590 -0700,
"[-0.2, -0.2]",space,41,41,0,space,1,0.9342378999572247,0.12318500003311783,0,41,41,41,117.30144860001747,,,,,,,,,,,,,,117.29356520005967,117.30871260003187,117.30871260003187,117.30871260003187,118.3085401999997,118.30068610003218,119.3003373000538,119.29356090002693,space,1,None,898949.574718,119.3003373000538,119.3003373000538,0.9342378999572247,0.12318500003311783,sham,001,2026-06-23_10h05.11.694,untitled,,2026.1.3,128.28045169638227,2026-06-23 10h05.12.120590 -0700,
"[-0.2, -0.2]",None,42,42,0,None,1,,,0,42,42,42,119.3003373000538,,,,,,,,,,,,,,119.2941281000385,119.3092865999788,119.3092865999788,119.3092865999788,120.30926870007534,120.30161029996816,121.30073969997466,121.29401850001886,None,1,None,898951.575301,121.30073969997466,121.30073969997466,,,sham,001,2026-06-23_10h05.11.694,untitled,,2026.1.3,128.28045169638227,2026-06-23 10h05.12.120590 -0700,
"[0.2, -0.2]",None,43,43,0,None,1,,,0,43,43,43,121.30073969997466,,,,,,,,,,,,,,121.29484170000069,121.30857520003337,121.30857520003337,121.30857520003337,122.3081027000444,122.30172650003806,123.30011900002137,123.2942016000161,None,1,None,898953.5759973,123.30011900002137,123.30011900002137,,,sham,001,2026-06-23_10h05.11.694,untitled,,2026.1.3,128.28045169638227,2026-06-23 10h05.12.120590 -0700,
"[0, 0]",None,44,44,0,None,1,,,0,44,44,44,123.30011900002137,,,,,,,,,,,,,,123.29476229997817,123.30919429997448,123.30919429997448,123.30919429997448,124.3087683999911,124.29969640006311,125.30521060002502,125.29736550000962,None,1,None,898955.5759414,125.30521060002502,125.30521060002502,,,sham,001,2026-06-23_10h05.11.694,untitled,,2026.1.3,128.28045169638227,2026-06-23 10h05.12.120590 -0700,
"[0, 0.2]",None,45,45,0,None,1,,,0,45,45,45,125.30521060002502,,,,,,,,,,,,,,125.29800070007332,125.30521060002502,125.30521060002502,125.30521060002502,126.31184300000314,126.29540419997647,127.30485119996592,127.29596550005954,None,1,None,898957.5791686,127.29530990007333,127.29530990007333,,,sham,001,2026-06-23_10h05.11.694,untitled,,2026.1.3,128.28045169638227,2026-06-23 10h05.12.120590 -0700,
"[0, 0]",space,46,46,0,None,0,,,0,46,46,46,127.30485119996592,,,,,,,,,,,,,,127.29670730000362,127.31187199999113,127.31187199999113,127.31187199999113,128.3065928000724,128.3065928000724,129.30396599997766,129.2964409000706,None,0,None,898959.5778656,129.30396599997766,129.30396599997766,,,sham,001,2026-06-23_10h05.11.694,untitled,,2026.1.3,128.28045169638227,2026-06-23 10h05.12.120590 -0700,
"[0.2, -0.2]",None,47,47,0,None,1,,,0,47,47,47,129.30396599997766,,,,,,,,,,,,,,129.29723010002635,129.31382759998087,129.31382759998087,129.31382759998087,130.31244760006666,130.31244760006666,131.30418590002228,131.3050275000278,None,1,None,898961.578309,131.31394130003173,131.31394130003173,,,sham,001,2026-06-23_10h05.11.694,untitled,,2026.1.3,128.28045169638227,2026-06-23 10h05.12.120590 -0700,
"[-0.2, -0.2]",None,48,48,0,None,1,,,0,48,48,48,131.31394130003173,,,,,,,,,,,,,,131.3060057000257,131.31394130003173,131.31394130003173,131.31394130003173,132.30431889998727,132.30431889998727,133.30042039998807,133.30112109996844,None,1,None,898963.5871392,133.30979119997937,133.30979119997937,,,sham,001,2026-06-23_10h05.11.694,untitled,,2026.1.3,128.28045169638227,2026-06-23 10h05.12.120590 -0700,
"[0.2, 0]",None,49,49,0,None,1,,,0,49,49,49,133.30979119997937,,,,,,,,,,,,,,133.3017924000742,133.30979119997937,133.30979119997937,133.30979119997937,134.30474789999425,134.30474789999425,135.2967599000549,135.29751679999754,None,1,1.0,898965.5829008,135.3046572000021,135.3046572000021,,,sham,001,2026-06-23_10h05.11.694,untitled,,2026.1.3,128.28045169638227,2026-06-23 10h05.12.120590 -0700,
"[-0.2, -0.2]",space,50,50,0,None,0,,,0,50,50,50,135.3046572000021,,,,,,,,,,,,,,135.29811309999786,135.3046572000021,135.3046572000021,135.3046572000021,136.31314870005008,136.29656280006748,137.30583399999887,137.29743949999101,None,0,None,898967.579291,137.29686730005778,137.29686730005778,,,sham,001,2026-06-23_10h05.11.694,untitled,,2026.1.3,128.28045169638227,2026-06-23 10h05.12.120590 -0700,
"[0.2, 0]",space,51,51,0,space,1,0.9039240001002327,0.14402409992180765,0,51,51,51,137.30583399999887,,,,,,,,,,,,,,137.29812469996978,137.30583399999887,137.30583399999887,137.30583399999887,138.30540040007327,138.29718700004742,139.29739439999685,139.2983553999802,space,1,0.0,898969.579284,139.30649620003533,139.30649620003533,0.9039240001002327,0.14402409992180765,sham,001,2026-06-23_10h05.11.694,untitled,,2026.1.3,128.28045169638227,2026-06-23 10h05.12.120590 -0700,
"[0.2, 0]",None,52,52,0,None,1,,,0,52,52,52,139.30649620003533,,,,,,,,,,,,,,139.29938250000123,139.30649620003533,139.30649620003533,139.30649620003533,140.30603560002055,140.29743879998568,141.3052140000509,141.29746909998357,None,1,None,898971.5804716,141.3052140000509,141.3052140000509,,,sham,001,2026-06-23_10h05.11.694,untitled,,2026.1.3,128.28045169638227,2026-06-23 10h05.12.120590 -0700,
"[0, 0]",None,53,53,0,None,1,,,0,53,53,53,141.3052140000509,,,,,,,,,,,,,,141.29834700003266,141.3052140000509,141.3052140000509,141.3052140000509,142.31385410006624,142.29612970002927,143.30581519997213,143.29757569998037,None,1,None,898973.5794674,143.2969181999797,143.2969181999797,,,sham,001,2026-06-23_10h05.11.694,untitled,,2026.1.3,128.28045169638227,2026-06-23 10h05.12.120590 -0700,
"[0.2, 0]",space,54,54,0,space,1,0.6395416000159457,0.1397273000329733,0,54,54,54,143.30581519997213,,,,,,,,,,,,,,143.2983368000714,143.30581519997213,143.30581519997213,143.30581519997213,144.30434620007873,144.2969829000067,145.29728840000462,145.28952550003305,space,1,None,898975.5794215,145.29728840000462,145.29728840000462,0.6395416000159457,0.1397273000329733,sham,001,2026-06-23_10h05.11.694,untitled,,2026.1.3,128.28045169638227,2026-06-23 10h05.12.120590 -0700,
"[0.2, -0.2]",None,55,55,0,None,1,,,0,55,55,55,145.29728840000462,,,,,,,,,,,,,,145.2904467000626,145.30584719998296,145.30584719998296,145.30584719998296,146.30440660007298,146.30440660007298,147.29659749998245,147.28914620005526,None,1,None,898977.5715707,147.29659749998245,147.29659749998245,,,sham,001,2026-06-23_10h05.11.694,untitled,,2026.1.3,128.28045169638227,2026-06-23 10h05.12.120590 -0700,
"[0, 0.2]",None,56,56,0,None,1,,,0,56,56,56,147.29659749998245,,,,,,,,,,,,,,147.28988589998335,147.30496830004267,147.30496830004267,147.30496830004267,148.30620240001008,148.2975160999922,149.3059167000465,149.2978279000381,None,1,None,898979.5710244,149.2971961000003,149.2971961000003,,,sham,001,2026-06-23_10h05.11.694,untitled,,2026.1.3,128.28045169638227,2026-06-23 10h05.12.120590 -0700,
"[-0.2, 0]",None,57,57,0,None,1,,,0,57,57,57,149.3059167000465,,,,,,,,,,,,,,149.29835110006388,149.3059167000465,149.3059167000465,149.3059167000465,150.30668480007444,150.29833879997022,151.2978998000035,151.29023400007281,None,1,None,898981.5795404,151.2978998000035,151.2978998000035,,,sham,001,2026-06-23_10h05.11.694,untitled,,2026.1.3,128.28045169638227,2026-06-23 10h05.12.120590 -0700,
"[-0.2, 0.2]",None,58,58,0,None,1,,,0,58,58,58,151.2978998000035,,,,,,,,,,,,,,151.29081729997415,151.30682180006988,151.30682180006988,151.30682180006988,152.30666270002257,152.29808590002358,153.30404010007624,153.29433449998032,None,1,None,898983.5719916,153.30404010007624,153.30404010007624,,,sham,001,2026-06-23_10h05.11.694,untitled,,2026.1.3,128.28045169638227,2026-06-23 10h05.12.120590 -0700,
"[-0.2, 0]",space,59,59,0,space,1,0.8444755000527948,0.13190479995682836,0,59,59,59,153.30404010007624,,,,,,,,,,,,,,153.29505319998134,153.31351070001256,153.31351070001256,153.31351070001256,154.30916559998877,154.30916559998877,155.3022511000745,155.30288440000731,space,1,1.0,898985.5761664,155.31042680004612,155.31042680004612,0.8444755000527948,0.13190479995682836,sham,001,2026-06-23_10h05.11.694,untitled,,2026.1.3,128.28045169638227,2026-06-23 10h05.12.120590 -0700,
"[-0.2, 0]",None,60,60,0,None,1,,,0,60,60,60,155.31042680004612,,,,,,,,,,,,,,155.30358449998312,155.31042680004612,155.31042680004612,155.31042680004612,156.3100910000503,156.30264440004248,157.30191959999502,157.29432089999318,None,1,None,898987.584756,157.30191959999502,157.30191959999502,,,sham,001,2026-06-23_10h05.11.694,untitled,,2026.1.3,128.28045169638227,2026-06-23 10h05.12.120590 -0700,
"[-0.2, 0]",space,61,61,0,None,0,,,0,61,61,61,157.30191959999502,,,,,,,,,,,,,,157.29511830001138,157.3106292000739,157.3106292000739,157.3106292000739,158.31019560003188,158.30198160000145,159.30220719997305,159.2962049000198,None,0,None,898989.5762756,159.30220719997305,159.30220719997305,,,sham,001,2026-06-23_10h05.11.694,untitled,,2026.1.3,128.28045169638227,2026-06-23 10h05.12.120590 -0700,
"[0, 0]",None,62,62,0,None,1,,,0,62,62,62,159.30220719997305,,,,,,,,,,,,,,159.29659769998398,159.31099210004322,159.31099210004322,159.31099210004322,160.30619190004654,160.30619190004654,161.30500040005427,161.29774680000264,None,1,0.0,898991.5777919,161.30500040005427,161.30500040005427,,,sham,001,2026-06-23_10h05.11.694,untitled,,2026.1.3,128.28045169638227,2026-06-23 10h05.12.120590 -0700,
"[0, -0.2]",None,63,63,0,None,1,,,0,63,63,63,161.30500040005427,,,,,,,,,,,,,,161.29835499997716,161.30500040005427,161.30500040005427,161.30500040005427,162.30759139999282,162.29689430003054,163.3061060999753,163.2982124000555,None,1,None,898993.5794946,163.29753460001666,163.29753460001666,,,sham,001,2026-06-23_10h05.11.694,untitled,,2026.1.3,128.28045169638227,2026-06-23 10h05.12.120590 -0700,
"[0, 0.2]",None,64,64,0,None,1,,,0,64,64,64,163.3061060999753,,,,,,,,,,,,,,163.29872449999675,163.3061060999753,163.3061060999753,163.3061060999753,164.3057827000739,164.2988235000521,165.2977531000506,165.29062950005755,None,1,None,898995.5799103,165.2977531000506,165.2977531000506,,,sham,001,2026-06-23_10h05.11.694,untitled,,2026.1.3,128.28045169638227,2026-06-23 10h05.12.120590 -0700,
"[0, -0.2]",space,65,65,0,,,,,0,65,65,65,165.2977531000506,,,,,,,,,,,,,,165.29140460002236,165.30582969996613,165.30582969996613,165.30582969996613,166.3061136000324,166.2971894000657,,,,,,,,,,,,,,,,,,,
