location,corrAns,thisN,thisTrialN,thisRepN,response_2.keys,response_2.corr,response_2.rt,response_2.duration,trials.thisRepN,trials.thisTrialN,trials.thisN,trials.thisIndex,thisRow.t,notes,piloting,Instructions_2.started,instructions_2.started,key_resp_2.started,Instructions_2.stopped,key_resp_2.keys,key_resp_2.rt,key_resp_2.duration,Fixation.started,fixation_1.started,fixation_1.stopped,Fixation.stopped,N_back_2_trials.started,grid_lines_2.started,target_square_2.started,response_2.started,fixation_3.started,target_square_2.stopped,fixation_3.stopped,N_back_2_trials.stopped,trials.response_2.keys,trials.response_2.corr,LIFU_marker,LSL_Time,grid_lines_2.stopped,response_2.stopped,trials.response_2.rt,trials.response_2.duration,End.started,thank_you.started,thank_you.stopped,participant,session,date,expName,expVersion,psychopyVersion,frameRate,expStart,
,,,,,,,,,,,,,,,False,0.004072899930179119,0.01234060013666749,0.01234060013666749,113.7034497000277,space,113.68407119996846,None,,,,,,,,,,,,,,,,,,,,,,,,sham_scott,001,2026-07-07_14h54.17.177,untitled,,2026.1.3,119.62838678062113,2026-07-07 14h54.17.428320 -0700,
,,,,,,,,,,,,,,,,,,,,,,,113.70349609991536,113.71053649997339,114.71481319982558,114.69545949995518,,,,,,,,,,,,,,,,,,,,sham_scott,001,2026-07-07_14h54.17.177,untitled,,2026.1.3,119.62838678062113,2026-07-07 14h54.17.428320 -0700,
"[0, 0]",None,0,0,0,None,1,,,0,0,0,0,114.71481319982558,,,,,,,,,,,,,,114.70569710014388,114.71481319982558,114.71481319982558,114.71481319982558,115.69649139977992,115.71305220015347,116.68804589984939,116.70536489970982,None,1,None,2125909.4329233,,,,,,,,sham_scott,001,2026-07-07_14h54.17.177,untitled,,2026.1.3,119.62838678062113,2026-07-07 14h54.17.428320 -0700,
"[0.2, 0]",None,1,1,0,None,1,,,0,1,1,1,116.71368200005963,,,,,,,,,,,,,,116.70575019996613,116.71368200005963,116.71368200005963,116.71368200005963,117.69796120002866,117.70624049985781,118.69008089974523,118.6987868999131,None,1,None,2125911.4337643,118.70639130007476,118.70639130007476,,,,,,sham_scott,001,2026-07-07_14h54.17.177,untitled,,2026.1.3,119.62838678062113,2026-07-07 14h54.17.428320 -0700,
"[-0.2, 0.2]",None,2,2,0,None,1,,,0,2,2,2,118.70639130007476,,,,,,,,,,,,,,118.69913619989529,118.70639130007476,118.70639130007476,118.70639130007476,119.70002740016207,119.70002740016207,120.6918759001419,120.69213660014793,None,1,None,2125913.4271788,120.69986069994047,120.69986069994047,,,,,,sham_scott,001,2026-07-07_14h54.17.177,untitled,,2026.1.3,119.62838678062113,2026-07-07 14h54.17.428320 -0700,
"[-0.2, 0]",None,3,3,0,None,1,,,0,3,3,3,120.69986069994047,,,,,,,,,,,,,,120.69242679979652,120.69986069994047,120.69986069994047,120.69986069994047,121.70130610000342,121.69282010011375,122.693834700156,122.68538599973544,None,1,None,2125915.4204728,122.693834700156,122.693834700156,,,,,,sham_scott,001,2026-07-07_14h54.17.177,untitled,,2026.1.3,119.62838678062113,2026-07-07 14h54.17.428320 -0700,
"[-0.2, 0.2]",space,4,4,0,space,1,0.6048436998389661,0.18266199994832277,0,4,4,4,122.693834700156,,,,,,,,,,,,,,122.68573419982567,122.70179650001228,122.70179650001228,122.70179650001228,123.69483479997143,123.69483479997143,124.68678840016946,124.6871730000712,space,1,None,2125917.4137613,124.69488039985299,124.69488039985299,0.6048436998389661,0.18266199994832277,,,,sham_scott,001,2026-07-07_14h54.17.177,untitled,,2026.1.3,119.62838678062113,2026-07-07 14h54.17.428320 -0700,
"[0.2, -0.2]",None,5,5,0,None,1,,,0,5,5,5,124.69488039985299,,,,,,,,,,,,,,124.68792099971324,124.69488039985299,124.69488039985299,124.69488039985299,125.69554470013827,125.68804829986766,126.6884276997298,126.68055409984663,None,1,None,2125919.4158748,126.6884276997298,126.6884276997298,,,,,,sham_scott,001,2026-07-07_14h54.17.177,untitled,,2026.1.3,119.62838678062113,2026-07-07 14h54.17.428320 -0700,
"[0, -0.2]",None,6,6,0,None,1,,,0,6,6,6,126.6884276997298,,,,,,,,,,,,,,126.6809219000861,126.69648269983009,126.69648269983009,126.69648269983009,127.69740920001641,127.68969959998503,128.69035849999636,128.6819941001013,None,1,None,2125921.4089548,128.69035849999636,128.69035849999636,,,,,,sham_scott,001,2026-07-07_14h54.17.177,untitled,,2026.1.3,119.62838678062113,2026-07-07 14h54.17.428320 -0700,
"[0.2, 0.2]",None,7,7,0,None,1,,,0,7,7,7,128.69035849999636,,,,,,,,,,,,,,128.68229699973017,128.6983413998969,128.6983413998969,128.6983413998969,129.69982919981703,129.69155769981444,130.69186179991812,130.68412610003725,None,1,None,2125923.4103427,130.69186179991812,130.69186179991812,,,,,,sham_scott,001,2026-07-07_14h54.17.177,untitled,,2026.1.3,119.62838678062113,2026-07-07 14h54.17.428320 -0700,
"[0, -0.2]",space,8,8,0,space,1,0.5449165003374219,0.2176206996664405,0,8,8,8,130.69186179991812,,,,,,,,,,,,,,130.68471049983054,130.6996996998787,130.6996996998787,130.6996996998787,131.70086310012266,131.69304110016674,132.69469599984586,132.6852927999571,space,1,None,2125925.4127433,132.69469599984586,132.69469599984586,0.5449165003374219,0.2176206996664405,,,,sham_scott,001,2026-07-07_14h54.17.177,untitled,,2026.1.3,119.62838678062113,2026-07-07 14h54.17.428320 -0700,
"[0.2, 0.2]",space,9,9,0,None,0,,,0,9,9,9,132.69469599984586,,,,,,,,,,,,,,132.68567449972034,132.70128609985113,132.70128609985113,132.70128609985113,133.701910499949,133.6940039000474,134.69512140005827,134.6864374000579,None,0,None,2125927.4137074,134.69512140005827,134.69512140005827,,,,,,sham_scott,001,2026-07-07_14h54.17.177,untitled,,2026.1.3,119.62838678062113,2026-07-07 14h54.17.428320 -0700,
"[0.2, 0]",None,10,10,0,None,1,,,0,10,10,10,134.69512140005827,,,,,,,,,,,,,,134.68674879986793,134.69512140005827,134.69512140005827,134.69512140005827,135.69582809973508,135.68724819971249,136.68848229991272,136.68005329975858,None,1,None,2125929.4147941,136.68848229991272,136.68848229991272,,,,,,sham_scott,001,2026-07-07_14h54.17.177,untitled,,2026.1.3,119.62838678062113,2026-07-07 14h54.17.428320 -0700,
"[0, 0]",None,11,11,0,None,1,,,0,11,11,11,136.68848229991272,,,,,,,,,,,,,,136.68042779993266,136.69631760008633,136.69631760008633,136.69631760008633,137.69716199999675,137.68888559984043,138.68963850010186,138.68221340002492,None,1,None,2125931.4084597,138.68963850010186,138.68963850010186,,,,,,sham_scott,001,2026-07-07_14h54.17.177,untitled,,2026.1.3,119.62838678062113,2026-07-07 14h54.17.428320 -0700,
"[0.2, -0.2]",None,12,12,0,None,1,,,0,12,12,12,138.68963850010186,,,,,,,,,,,,,,138.68253589980304,138.6978342998773,138.6978342998773,138.6978342998773,139.69892370002344,139.69048020010814,140.6913213999942,140.6835680999793,None,1,None,2125933.4105636,140.6913213999942,140.6913213999942,,,,,,sham_scott,001,2026-07-07_14h54.17.177,untitled,,2026.1.3,119.62838678062113,2026-07-07 14h54.17.428320 -0700,
"[-0.2, -0.2]",None,13,13,0,None,1,,,0,13,13,13,140.6913213999942,,,,,,,,,,,,,,140.68394979974255,140.6996721001342,140.6996721001342,140.6996721001342,141.70043460000306,141.69180120015517,142.69268189975992,142.68472589971498,None,1,None,2125935.4119904,142.69268189975992,142.69268189975992,,,,,,sham_scott,001,2026-07-07_14h54.17.177,untitled,,2026.1.3,119.62838678062113,2026-07-07 14h54.17.428320 -0700,
"[0.2, -0.2]",space,14,14,0,None,0,,,0,14,14,14,142.69268189975992,,,,,,,,,,,,,,142.6850836998783,142.7009585998021,142.7009585998021,142.7009585998021,143.70250520016998,143.69379229983315,144.69412590004504,144.68617990007624,None,0,None,2125937.4131193,144.69412590004504,144.69412590004504,,,,,,sham_scott,001,2026-07-07_14h54.17.177,untitled,,2026.1.3,119.62838678062113,2026-07-07 14h54.17.428320 -0700,
"[0, 0.2]",None,15,15,0,None,1,,,0,15,15,15,144.69412590004504,,,,,,,,,,,,,,144.686478999909,144.69412590004504,144.69412590004504,144.69412590004504,145.69660610007122,145.6871841000393,146.6876815999858,146.6807893998921,None,1,None,2125939.4145214,146.6876815999858,146.6876815999858,,,,,,sham_scott,001,2026-07-07_14h54.17.177,untitled,,2026.1.3,119.62838678062113,2026-07-07 14h54.17.428320 -0700,
"[0.2, 0.2]",None,16,16,0,None,1,,,0,16,16,16,146.6876815999858,,,,,,,,,,,,,,146.6811132999137,146.69615519978106,146.69615519978106,146.69615519978106,147.6964341001585,147.68816490005702,148.68917750008404,148.68114530015737,None,1,None,2125941.4091552,148.68917750008404,148.68917750008404,,,,,,sham_scott,001,2026-07-07_14h54.17.177,untitled,,2026.1.3,119.62838678062113,2026-07-07 14h54.17.428320 -0700,
"[0, 0]",None,17,17,0,None,1,,,0,17,17,17,148.68917750008404,,,,,,,,,,,,,,148.68149199988693,148.69695209991187,148.69695209991187,148.69695209991187,149.69834609981626,149.68977269995958,150.69111170014367,150.6826221998781,None,1,None,2125943.4095295,150.69111170014367,150.69111170014367,,,,,,sham_scott,001,2026-07-07_14h54.17.177,untitled,,2026.1.3,119.62838678062113,2026-07-07 14h54.17.428320 -0700,
"[0, -0.2]",None,18,18,0,None,1,,,0,18,18,18,150.69111170014367,,,,,,,,,,,,,,150.68290850007907,150.69894179981202,150.69894179981202,150.69894179981202,151.70118789980188,151.69157969998196,152.69257450010628,152.68436479987577,None,1,None,2125945.4109559,152.69257450010628,152.69257450010628,,,,,,sham_scott,001,2026-07-07_14h54.17.177,untitled,,2026.1.3,119.62838678062113,2026-07-07 14h54.17.428320 -0700,
"[0.2, 0]",None,19,19,0,None,1,,,0,19,19,19,152.69257450010628,,,,,,,,,,,,,,152.68465879978612,152.70053760008886,152.70053760008886,152.70053760008886,153.70164520014077,153.69352999981493,154.6941186999902,154.68615770014003,None,1,None,2125947.4127052,154.6941186999902,154.6941186999902,,,,,,sham_scott,001,2026-07-07_14h54.17.177,untitled,,2026.1.3,119.62838678062113,2026-07-07 14h54.17.428320 -0700,
"[0, -0.2]",space,20,20,0,None,0,,,0,20,20,20,154.6941186999902,,,,,,,,,,,,,,154.68644449999556,154.6941186999902,154.6941186999902,154.6941186999902,155.69526189984754,155.68694100016728,156.68738179979846,156.67913480009884,None,0,None,2125949.4144928,156.68738179979846,156.68738179979846,,,,,,sham_scott,001,2026-07-07_14h54.17.177,untitled,,2026.1.3,119.62838678062113,2026-07-07 14h54.17.428320 -0700,
"[-0.2, 0.2]",None,21,21,0,None,1,,,0,21,21,21,156.68738179979846,,,,,,,,,,,,,,156.67958230013028,156.69613870000467,156.69613870000467,156.69613870000467,157.6971164001152,157.68864239985123,158.689370600041,158.6808470999822,None,1,None,2125951.4075946,158.689370600041,158.689370600041,,,,,,sham_scott,001,2026-07-07_14h54.17.177,untitled,,2026.1.3,119.62838678062113,2026-07-07 14h54.17.428320 -0700,
"[0.2, -0.2]",None,22,22,0,None,1,,,0,22,22,22,158.689370600041,,,,,,,,,,,,,,158.68114339979365,158.6970075997524,158.6970075997524,158.6970075997524,159.698093699757,159.68974599987268,160.6904234001413,160.68230539979413,None,1,None,2125953.4091905,160.6904234001413,160.6904234001413,,,,,,sham_scott,001,2026-07-07_14h54.17.177,untitled,,2026.1.3,119.62838678062113,2026-07-07 14h54.17.428320 -0700,
"[-0.2, 0.2]",space,23,23,0,space,1,0.8072019000537694,0.17932299990206957,0,23,23,23,160.6904234001413,,,,,,,,,,,,,,160.68258469970897,160.69883299991488,160.69883299991488,160.69883299991488,161.69982609990984,161.69161769980565,162.69241169979796,162.68363730004057,space,1,None,2125955.4106339,162.69241169979796,162.69241169979796,0.8072019000537694,0.17932299990206957,,,,sham_scott,001,2026-07-07_14h54.17.177,untitled,,2026.1.3,119.62838678062113,2026-07-07 14h54.17.428320 -0700,
"[0, 0]",None,24,24,0,None,1,,,0,24,24,24,162.69241169979796,,,,,,,,,,,,,,162.6839248999022,162.7004877999425,162.7004877999425,162.7004877999425,163.70117529993877,163.69338059984148,164.69383749971166,164.6854572999291,None,1,None,2125957.4119706,164.69383749971166,164.69383749971166,,,,,,sham_scott,001,2026-07-07_14h54.17.177,untitled,,2026.1.3,119.62838678062113,2026-07-07 14h54.17.428320 -0700,
"[0.2, 0.2]",None,25,25,0,None,1,,,0,25,25,25,164.69383749971166,,,,,,,,,,,,,,164.68574040010571,164.7025044998154,164.7025044998154,164.7025044998154,165.69568370003253,165.69568370003253,166.686929800082,166.68716839980334,None,1,None,2125959.4137865,166.69545829994604,166.69545829994604,,,,,,sham_scott,001,2026-07-07_14h54.17.177,untitled,,2026.1.3,119.62838678062113,2026-07-07 14h54.17.428320 -0700,
"[-0.2, -0.2]",None,26,26,0,None,1,,,0,26,26,26,166.69545829994604,,,,,,,,,,,,,,166.6874349997379,166.69545829994604,166.69545829994604,166.69545829994604,167.69622119981796,167.6880338001065,168.68887439975515,168.68070519994944,None,1,None,2125961.4154851,168.68887439975515,168.68887439975515,,,,,,sham_scott,001,2026-07-07_14h54.17.177,untitled,,2026.1.3,119.62838678062113,2026-07-07 14h54.17.428320 -0700,
"[0.2, 0]",None,27,27,0,None,1,,,0,27,27,27,168.68887439975515,,,,,,,,,,,,,,168.68099119979888,168.69682759977877,168.69682759977877,168.69682759977877,169.6985964998603,169.68937900010496,170.69023249996826,170.68259890004992,None,1,None,2125963.4090402,170.69023249996826,170.69023249996826,,,,,,sham_scott,001,2026-07-07_14h54.17.177,untitled,,2026.1.3,119.62838678062113,2026-07-07 14h54.17.428320 -0700,
"[0, 0.2]",None,28,28,0,None,1,,,0,28,28,28,170.69023249996826,,,,,,,,,,,,,,170.6828808998689,170.69862739974633,170.69862739974633,170.69862739974633,171.69945539999753,171.69082299992442,172.69201309978962,172.68382730009034,None,1,None,2125965.4109292,172.69201309978962,172.69201309978962,,,,,,sham_scott,001,2026-07-07_14h54.17.177,untitled,,2026.1.3,119.62838678062113,2026-07-07 14h54.17.428320 -0700,
"[0.2, 0]",space,29,29,0,None,0,,,0,29,29,29,172.69201309978962,,,,,,,,,,,,,,172.6841087997891,172.70087369997054,172.70087369997054,172.70087369997054,173.7012033998035,173.69259999971837,174.69416899979115,174.6854686997831,None,0,None,2125967.412157,174.69416899979115,174.69416899979115,,,,,,sham_scott,001,2026-07-07_14h54.17.177,untitled,,2026.1.3,119.62838678062113,2026-07-07 14h54.17.428320 -0700,
"[-0.2, -0.2]",None,30,30,0,None,1,,,0,30,30,30,174.69416899979115,,,,,,,,,,,,,,174.68592109996825,174.7016348997131,174.7016348997131,174.7016348997131,175.6948416000232,175.6948416000232,176.68705589976162,176.68736199988052,None,1,None,2125969.413934,176.69501919997856,176.69501919997856,,,,,,sham_scott,001,2026-07-07_14h54.17.177,untitled,,2026.1.3,119.62838678062113,2026-07-07 14h54.17.428320 -0700,
"[0, -0.2]",None,31,31,0,None,1,,,0,31,31,31,176.69501919997856,,,,,,,,,,,,,,176.68765150010586,176.69501919997856,176.69501919997856,176.69501919997856,177.69634359981865,177.68721120012924,178.68899070005864,178.68041869997978,None,1,None,2125971.4156947,178.68899070005864,178.68899070005864,,,,,,sham_scott,001,2026-07-07_14h54.17.177,untitled,,2026.1.3,119.62838678062113,2026-07-07 14h54.17.428320 -0700,
"[0, 0.2]",None,32,32,0,None,1,,,0,32,32,32,178.68899070005864,,,,,,,,,,,,,,178.6807256997563,178.69739180011675,178.69739180011675,178.69739180011675,179.69761710008606,179.688956100028,180.69023549975827,180.6820823000744,None,1,None,2125973.4087666,180.69023549975827,180.69023549975827,,,,,,sham_scott,001,2026-07-07_14h54.17.177,untitled,,2026.1.3,119.62838678062113,2026-07-07 14h54.17.428320 -0700,
"[0.2, 0.2]",None,33,33,0,None,1,,,0,33,33,33,180.69023549975827,,,,,,,,,,,,,,180.68239129986614,180.69856859976426,180.69856859976426,180.69856859976426,181.69965890003368,181.6906690998003,182.6914667999372,182.6838647001423,None,1,None,2125975.4104377,182.6914667999372,182.6914667999372,,,,,,sham_scott,001,2026-07-07_14h54.17.177,untitled,,2026.1.3,119.62838678062113,2026-07-07 14h54.17.428320 -0700,
"[0, 0]",None,34,34,0,space,0,0.44694519974291325,0.16706560039892793,0,34,34,34,182.6914667999372,,,,,,,,,,,,,,182.68425410008058,182.70044060004875,182.70044060004875,182.70044060004875,183.70121320011094,183.69299650005996,184.69348010001704,184.6850109999068,space,0,None,2125977.4122744,184.69348010001704,184.69348010001704,0.44694519974291325,0.16706560039892793,,,,sham_scott,001,2026-07-07_14h54.17.177,untitled,,2026.1.3,119.62838678062113,2026-07-07 14h54.17.428320 -0700,
"[0.2, -0.2]",None,35,35,0,None,1,,,0,35,35,35,184.69348010001704,,,,,,,,,,,,,,184.68530229991302,184.70218699984252,184.70218699984252,184.70218699984252,185.69425279973075,185.69425279973075,186.68626869982108,186.68657869985327,None,1,None,2125979.4133457,186.69502490013838,186.69502490013838,,,,,,sham_scott,001,2026-07-07_14h54.17.177,untitled,,2026.1.3,119.62838678062113,2026-07-07 14h54.17.428320 -0700,
"[0.2, -0.2]",None,36,36,0,space,0,1.1476172003895044,0.1551045998930931,0,36,36,36,186.69502490013838,,,,,,,,,,,,,,186.6872028997168,186.69502490013838,186.69502490013838,186.69502490013838,187.69543829979375,187.68747569993138,188.68838199973106,188.67982199974358,space,0,None,2125981.4152278,188.68838199973106,188.68838199973106,1.1476172003895044,0.1551045998930931,,,,sham_scott,001,2026-07-07_14h54.17.177,untitled,,2026.1.3,119.62838678062113,2026-07-07 14h54.17.428320 -0700,
"[0, 0.2]",None,37,37,0,None,1,,,0,37,37,37,188.68838199973106,,,,,,,,,,,,,,188.6801923001185,188.69704560004175,188.69704560004175,188.69704560004175,189.69777539977804,189.68901930004358,190.69033779995516,190.6818347000517,None,1,None,2125983.4082182,190.69033779995516,190.69033779995516,,,,,,sham_scott,001,2026-07-07_14h54.17.177,untitled,,2026.1.3,119.62838678062113,2026-07-07 14h54.17.428320 -0700,
"[0.2, -0.2]",space,38,38,0,space,1,0.5563314999453723,0.16513699991628528,0,38,38,38,190.69033779995516,,,,,,,,,,,,,,190.68215409992263,190.69875370012596,190.69875370012596,190.69875370012596,191.69935380015522,191.69127359986305,192.69159819977358,192.68376349983737,space,1,None,2125985.4101994,192.69159819977358,192.69159819977358,0.5563314999453723,0.16513699991628528,,,,sham_scott,001,2026-07-07_14h54.17.177,untitled,,2026.1.3,119.62838678062113,2026-07-07 14h54.17.428320 -0700,
"[-0.2, 0.2]",None,39,39,0,None,1,,,0,39,39,39,192.69159819977358,,,,,,,,,,,,,,192.68413299974054,192.70030179992318,192.70030179992318,192.70030179992318,193.70029739988968,193.6922073001042,194.69388030003756,194.68552229972556,None,1,None,2125987.4121614,194.69388030003756,194.69388030003756,,,,,,sham_scott,001,2026-07-07_14h54.17.177,untitled,,2026.1.3,119.62838678062113,2026-07-07 14h54.17.428320 -0700,
"[0, -0.2]",None,40,40,0,None,1,,,0,40,40,40,194.69388030003756,,,,,,,,,,,,,,194.6859369999729,194.70177659997717,194.70177659997717,194.70177659997717,195.70221540005878,195.69385279994458,196.69498739996925,196.68712619971484,None,1,None,2125989.4139618,196.69498739996925,196.69498739996925,,,,,,sham_scott,001,2026-07-07_14h54.17.177,untitled,,2026.1.3,119.62838678062113,2026-07-07 14h54.17.428320 -0700,
"[-0.2, 0.2]",space,41,41,0,space,1,0.6956465002149343,0.08627389976754785,0,41,41,41,196.69498739996925,,,,,,,,,,,,,,196.6875037001446,196.69498739996925,196.69498739996925,196.69498739996925,197.69694270007312,197.68795999977738,198.68806859990582,198.68029069993645,space,1,None,2125991.4155357,198.68806859990582,198.68806859990582,0.6956465002149343,0.08627389976754785,,,,sham_scott,001,2026-07-07_14h54.17.177,untitled,,2026.1.3,119.62838678062113,2026-07-07 14h54.17.428320 -0700,
"[0.2, 0]",None,42,42,0,None,1,,,0,42,42,42,198.68806859990582,,,,,,,,,,,,,,198.68065419979393,198.697830399964,198.697830399964,198.697830399964,199.6972127999179,199.68870309973136,200.68969439994544,200.68230429990217,None,1,None,2125993.4086891,200.68969439994544,200.68969439994544,,,,,,sham_scott,001,2026-07-07_14h54.17.177,untitled,,2026.1.3,119.62838678062113,2026-07-07 14h54.17.428320 -0700,
"[0, 0]",None,43,43,0,None,1,,,0,43,43,43,200.68969439994544,,,,,,,,,,,,,,200.68260269984603,200.69841339997947,200.69841339997947,200.69841339997947,201.69931379985064,201.69033619994298,202.69126340001822,202.6828696001321,None,1,None,2125995.4106471,202.69126340001822,202.69126340001822,,,,,,sham_scott,001,2026-07-07_14h54.17.177,untitled,,2026.1.3,119.62838678062113,2026-07-07 14h54.17.428320 -0700,
"[0.2, 0]",space,44,44,0,space,1,0.7537547000683844,0.06406839983537793,0,44,44,44,202.69126340001822,,,,,,,,,,,,,,202.68325209990144,202.6996625000611,202.6996625000611,202.6996625000611,203.70035749999806,203.6924356999807,204.69293679995462,204.6848932998255,space,1,None,2125997.4112832,204.69293679995462,204.69293679995462,0.7537547000683844,0.06406839983537793,,,,sham_scott,001,2026-07-07_14h54.17.177,untitled,,2026.1.3,119.62838678062113,2026-07-07 14h54.17.428320 -0700,
"[0, 0.2]",None,45,45,0,None,1,,,0,45,45,45,204.69293679995462,,,,,,,,,,,,,,204.6852103001438,204.70101290009916,204.70101290009916,204.70101290009916,205.70231369975954,205.6939928997308,206.69445890001953,206.68630649987608,None,1,None,2125999.4132497,206.69445890001953,206.69445890001953,,,,,,sham_scott,001,2026-07-07_14h54.17.177,untitled,,2026.1.3,119.62838678062113,2026-07-07 14h54.17.428320 -0700,
"[0.2, 0.2]",None,46,46,0,None,1,,,0,46,46,46,206.69445890001953,,,,,,,,,,,,,,206.6865916000679,206.69445890001953,206.69445890001953,206.69445890001953,207.69535350007936,207.68739120010287,208.688188099768,208.680218399968,None,1,None,2126001.4146393,208.688188099768,208.688188099768,,,,,,sham_scott,001,2026-07-07_14h54.17.177,untitled,,2026.1.3,119.62838678062113,2026-07-07 14h54.17.428320 -0700,
"[0, 0]",None,47,47,0,space,0,0.5022612996399403,0.1685796999372542,0,47,47,47,208.688188099768,,,,,,,,,,,,,,208.6805861000903,208.69606090011075,208.69606090011075,208.69606090011075,209.69686370017007,209.6882458999753,210.68960579996929,210.6812950000167,space,0,None,2126003.408621,210.68960579996929,210.68960579996929,0.5022612996399403,0.1685796999372542,,,,sham_scott,001,2026-07-07_14h54.17.177,untitled,,2026.1.3,119.62838678062113,2026-07-07 14h54.17.428320 -0700,
"[0, -0.2]",None,48,48,0,None,1,,,0,48,48,48,210.68960579996929,,,,,,,,,,,,,,210.6816211999394,210.69751639990136,210.69751639990136,210.69751639990136,211.69845210015774,211.69069899991155,212.69110989989713,212.6828422001563,None,1,None,2126005.4096644,212.69110989989713,212.69110989989713,,,,,,sham_scott,001,2026-07-07_14h54.17.177,untitled,,2026.1.3,119.62838678062113,2026-07-07 14h54.17.428320 -0700,
"[-0.2, -0.2]",None,49,49,0,None,1,,,0,49,49,49,212.69110989989713,,,,,,,,,,,,,,212.68317240010947,212.69926750008017,212.69926750008017,212.69926750008017,213.70019729994237,213.69198619993404,214.69249319983646,214.68489430006593,None,1,None,2126007.4112125,214.69249319983646,214.69249319983646,,,,,,sham_scott,001,2026-07-07_14h54.17.177,untitled,,2026.1.3,119.62838678062113,2026-07-07 14h54.17.428320 -0700,
"[0, -0.2]",space,50,50,0,space,1,0.5377488997764885,0.19775560032576323,0,50,50,50,214.69249319983646,,,,,,,,,,,,,,214.68547869985923,214.70091169979423,214.70091169979423,214.70091169979423,215.70211349986494,215.69403410004452,216.6940854000859,216.68559620017186,space,1,None,2126009.4135065,216.6940854000859,216.6940854000859,0.5377488997764885,0.19775560032576323,,,,sham_scott,001,2026-07-07_14h54.17.177,untitled,,2026.1.3,119.62838678062113,2026-07-07 14h54.17.428320 -0700,
"[0, 0.2]",None,51,51,0,None,1,,,0,51,51,51,216.6940854000859,,,,,,,,,,,,,,216.68589679989964,216.7026259000413,216.7026259000413,216.7026259000413,217.69534179987386,217.69534179987386,218.68739280011505,218.6877513998188,None,1,None,2126011.413939,218.6957959998399,218.6957959998399,,,,,,sham_scott,001,2026-07-07_14h54.17.177,untitled,,2026.1.3,119.62838678062113,2026-07-07 14h54.17.428320 -0700,
"[0, 0.2]",None,52,52,0,None,1,,,0,52,52,52,218.6957959998399,,,,,,,,,,,,,,218.68817800004035,218.6957959998399,218.6957959998399,218.6957959998399,219.69635319989175,219.68805840006098,220.68881870014593,220.68136369995773,None,1,None,2126013.416191,220.68881870014593,220.68881870014593,,,,,,sham_scott,001,2026-07-07_14h54.17.177,untitled,,2026.1.3,119.62838678062113,2026-07-07 14h54.17.428320 -0700,
"[-0.2, -0.2]",None,53,53,0,None,1,,,0,53,53,53,220.68881870014593,,,,,,,,,,,,,,220.68164169974625,220.6970207998529,220.6970207998529,220.6970207998529,221.6977244997397,221.69032539986074,222.69021059991792,222.683044699952,None,1,None,2126015.4096884,222.69021059991792,222.69021059991792,,,,,,sham_scott,001,2026-07-07_14h54.17.177,untitled,,2026.1.3,119.62838678062113,2026-07-07 14h54.17.428320 -0700,
"[0, 0]",None,54,54,0,None,1,,,0,54,54,54,222.69021059991792,,,,,,,,,,,,,,222.68333439994603,222.69957759976387,222.69957759976387,222.69957759976387,223.69947899971157,223.69196539977565,224.69283360010013,224.68431779975072,None,1,None,2126017.4113818,224.69283360010013,224.69283360010013,,,,,,sham_scott,001,2026-07-07_14h54.17.177,untitled,,2026.1.3,119.62838678062113,2026-07-07 14h54.17.428320 -0700,
"[-0.2, -0.2]",space,55,55,0,space,1,0.35901639983057976,0.22600159980356693,0,55,55,55,224.69283360010013,,,,,,,,,,,,,,224.68461740016937,224.70050649996847,224.70050649996847,224.70050649996847,225.70166909974068,225.69327239971608,226.69400280015543,226.68568659992889,space,1,None,2126019.412663,226.69400280015543,226.69400280015543,0.35901639983057976,0.22600159980356693,,,,sham_scott,001,2026-07-07_14h54.17.177,untitled,,2026.1.3,119.62838678062113,2026-07-07 14h54.17.428320 -0700,
"[0, 0]",space,56,56,0,None,0,,,0,56,56,56,226.69400280015543,,,,,,,,,,,,,,226.68600019998848,226.702237599995,226.702237599995,226.702237599995,227.69467289978638,227.69467289978638,228.68690089974552,228.6871833000332,None,0,None,2126021.4140367,228.69599570007995,228.69599570007995,,,,,,sham_scott,001,2026-07-07_14h54.17.177,untitled,,2026.1.3,119.62838678062113,2026-07-07 14h54.17.428320 -0700,
"[-0.2, 0]",None,57,57,0,None,1,,,0,57,57,57,228.69599570007995,,,,,,,,,,,,,,228.68766660010442,228.69599570007995,228.69599570007995,228.69599570007995,229.6962875998579,229.68761839997023,230.6887106001377,230.6807900001295,None,1,None,2126023.4156851,230.6887106001377,230.6887106001377,,,,,,sham_scott,001,2026-07-07_14h54.17.177,untitled,,2026.1.3,119.62838678062113,2026-07-07 14h54.17.428320 -0700,
"[0.2, 0]",None,58,58,0,None,1,,,0,58,58,58,230.6887106001377,,,,,,,,,,,,,,230.68107219971716,230.69749439973384,230.69749439973384,230.69749439973384,231.69758749986067,231.6900705997832,232.69012570008636,232.68265380011871,None,1,None,2126025.4091195,232.69012570008636,232.69012570008636,,,,,,sham_scott,001,2026-07-07_14h54.17.177,untitled,,2026.1.3,119.62838678062113,2026-07-07 14h54.17.428320 -0700,
"[0, -0.2]",None,59,59,0,None,1,,,0,59,59,59,232.69012570008636,,,,,,,,,,,,,,232.68299699993804,232.698793400079,232.698793400079,232.698793400079,233.69958289992064,233.69092059973627,234.69193889992312,234.68423649994656,None,1,None,2126027.411037,234.69193889992312,234.69193889992312,,,,,,sham_scott,001,2026-07-07_14h54.17.177,untitled,,2026.1.3,119.62838678062113,2026-07-07 14h54.17.428320 -0700,
"[0.2, 0]",space,60,60,0,space,1,0.598203799687326,0.24006420001387596,0,60,60,60,234.69193889992312,,,,,,,,,,,,,,234.68452739994973,234.7005892000161,234.7005892000161,234.7005892000161,235.7009732001461,235.69306410010904,236.69401639979333,236.6861017998308,space,1,None,2126029.4125721,236.69401639979333,236.69401639979333,0.598203799687326,0.24006420001387596,,,,sham_scott,001,2026-07-07_14h54.17.177,untitled,,2026.1.3,119.62838678062113,2026-07-07 14h54.17.428320 -0700,
"[-0.2, 0]",None,61,61,0,None,1,,,0,61,61,61,236.69401639979333,,,,,,,,,,,,,,236.68668469972908,236.70236059976742,236.70236059976742,236.70236059976742,237.69401319976896,237.69401319976896,238.68666390003636,238.68690630001947,None,1,None,2126031.414678,238.69524599984288,238.69524599984288,,,,,,sham_scott,001,2026-07-07_14h54.17.177,untitled,,2026.1.3,119.62838678062113,2026-07-07 14h54.17.428320 -0700,
"[0, 0.2]",None,62,62,0,None,1,,,0,62,62,62,238.69524599984288,,,,,,,,,,,,,,238.68718730006367,238.69524599984288,238.69524599984288,238.69524599984288,239.69612840004265,239.68755340017378,240.6885343999602,240.68046850012615,None,1,None,2126033.4152329,240.6885343999602,240.6885343999602,,,,,,sham_scott,001,2026-07-07_14h54.17.177,untitled,,2026.1.3,119.62838678062113,2026-07-07 14h54.17.428320 -0700,
"[0, -0.2]",None,63,63,0,None,1,,,0,63,63,63,240.6885343999602,,,,,,,,,,,,,,240.68082890007645,240.69679330009967,240.69679330009967,240.69679330009967,241.69819469982758,241.68964829994366,242.68995760008693,242.68189080012962,None,1,None,2126035.4088664,242.68995760008693,242.68995760008693,,,,,,sham_scott,001,2026-07-07_14h54.17.177,untitled,,2026.1.3,119.62838678062113,2026-07-07 14h54.17.428320 -0700,
"[0, 0]",None,64,64,0,None,1,,,0,64,64,64,242.68995760008693,,,,,,,,,,,,,,242.6821608999744,242.69901990005746,242.69901990005746,242.69901990005746,243.69923130003735,243.6909365998581,244.69243869977072,244.68450290011242,None,1,None,2126037.4102113,244.69243869977072,244.69243869977072,,,,,,sham_scott,001,2026-07-07_14h54.17.177,untitled,,2026.1.3,119.62838678062113,2026-07-07 14h54.17.428320 -0700,
"[0, -0.2]",space,65,65,0,space,1,0.6107733999378979,0.20862009981647134,0,65,65,65,244.69243869977072,,,,,,,,,,,,,,244.68493419978768,244.70039159990847,244.70039159990847,244.70039159990847,245.70150010008365,245.69308539992198,246.69377399981022,246.68603570014238,space,1,None,2126039.4129493,246.69377399981022,246.69377399981022,0.6107733999378979,0.20862009981647134,,,,sham_scott,001,2026-07-07_14h54.17.177,untitled,,2026.1.3,119.62838678062113,2026-07-07 14h54.17.428320 -0700,
"[0, -0.2]",None,66,66,0,None,1,,,0,66,66,66,246.69377399981022,,,,,,,,,,,,,,246.68639269983396,246.70160999987274,246.70160999987274,246.70160999987274,247.69443110004067,247.69443110004067,248.68657850008458,248.68702059984207,None,1,None,2126041.4144298,248.69505479978397,248.69505479978397,,,,,,sham_scott,001,2026-07-07_14h54.17.177,untitled,,2026.1.3,119.62838678062113,2026-07-07 14h54.17.428320 -0700,
"[0, -0.2]",space,67,67,0,space,1,0.47940920013934374,0.19220170006155968,0,67,67,67,248.69505479978397,,,,,,,,,,,,,,248.68754269974306,248.69505479978397,248.69505479978397,248.69505479978397,249.69578150007874,249.6879929001443,250.68823619978502,250.68081860011443,space,1,None,2126043.4155739,250.68823619978502,250.68823619978502,0.47940920013934374,0.19220170006155968,,,,sham_scott,001,2026-07-07_14h54.17.177,untitled,,2026.1.3,119.62838678062113,2026-07-07 14h54.17.428320 -0700,
"[0, 0.2]",None,68,68,0,None,1,,,0,68,68,68,250.68823619978502,,,,,,,,,,,,,,250.68115750001743,250.6973737999797,250.6973737999797,250.6973737999797,251.69789179973304,251.68908970011398,252.6899572997354,252.68146019987762,None,1,None,2126045.4091927,252.6899572997354,252.6899572997354,,,,,,sham_scott,001,2026-07-07_14h54.17.177,untitled,,2026.1.3,119.62838678062113,2026-07-07 14h54.17.428320 -0700,
"[-0.2, 0]",None,69,69,0,None,1,,,0,69,69,69,252.6899572997354,,,,,,,,,,,,,,252.68175819981843,252.6982782999985,252.6982782999985,252.6982782999985,253.6992815998383,253.69096509972587,254.69212319981307,254.68345220014453,None,1,None,2126047.4098035,254.69212319981307,254.69212319981307,,,,,,sham_scott,001,2026-07-07_14h54.17.177,untitled,,2026.1.3,119.62838678062113,2026-07-07 14h54.17.428320 -0700,
"[0, 0]",None,70,70,0,None,1,,,0,70,70,70,254.69212319981307,,,,,,,,,,,,,,254.6838440001011,254.6999908001162,254.6999908001162,254.6999908001162,255.70132179977372,255.6929806000553,256.6940363999456,256.68559189978987,None,1,None,2126049.411884,256.6940363999456,256.6940363999456,,,,,,sham_scott,001,2026-07-07_14h54.17.177,untitled,,2026.1.3,119.62838678062113,2026-07-07 14h54.17.428320 -0700,
"[0, 0.2]",None,71,71,0,space,0,0.37304050009697676,0.2055881996639073,0,71,71,71,256.6940363999456,,,,,,,,,,,,,,256.68601820012555,256.7027456997894,256.7027456997894,256.7027456997894,257.70232179993764,257.6940025999211,258.69486870011315,258.68677440006286,space,0,None,2126051.414038,258.69486870011315,258.69486870011315,0.37304050009697676,0.2055881996639073,,,,sham_scott,001,2026-07-07_14h54.17.177,untitled,,2026.1.3,119.62838678062113,2026-07-07 14h54.17.428320 -0700,
"[0, -0.2]",None,72,72,0,None,1,,,0,72,72,72,258.69486870011315,,,,,,,,,,,,,,258.68708669999614,258.69486870011315,258.69486870011315,258.69486870011315,259.69580079987645,259.68728849990293,260.688532799948,260.68003570009023,None,1,None,2126053.4151299,260.688532799948,260.688532799948,,,,,,sham_scott,001,2026-07-07_14h54.17.177,untitled,,2026.1.3,119.62838678062113,2026-07-07 14h54.17.428320 -0700,
"[0.2, 0.2]",None,73,73,0,None,1,,,0,73,73,73,260.688532799948,,,,,,,,,,,,,,260.6803532997146,260.6970008998178,260.6970008998178,260.6970008998178,261.69704709993675,261.6892283000052,262.69007160002366,262.6825525001623,None,1,None,2126055.4083931,262.69007160002366,262.69007160002366,,,,,,sham_scott,001,2026-07-07_14h54.17.177,untitled,,2026.1.3,119.62838678062113,2026-07-07 14h54.17.428320 -0700,
"[0.2, 0]",None,74,74,0,None,1,,,0,74,74,74,262.69007160002366,,,,,,,,,,,,,,262.6837006001733,262.69822299992666,262.69822299992666,262.69822299992666,263.6990279997699,263.6907326001674,264.69189429981634,264.6832953998819,None,1,None,2126057.4116634,264.69189429981634,264.69189429981634,,,,,,sham_scott,001,2026-07-07_14h54.17.177,untitled,,2026.1.3,119.62838678062113,2026-07-07 14h54.17.428320 -0700,
"[-0.2, -0.2]",None,75,75,0,None,1,,,0,75,75,75,264.69189429981634,,,,,,,,,,,,,,264.68364059971645,264.69985939981416,264.69985939981416,264.69985939981416,265.7012453000061,265.6922631999478,266.6933567998931,266.6849368000403,None,1,None,2126059.4116748,266.6933567998931,266.6933567998931,,,,,,sham_scott,001,2026-07-07_14h54.17.177,untitled,,2026.1.3,119.62838678062113,2026-07-07 14h54.17.428320 -0700,
"[0.2, 0]",space,76,76,0,space,1,0.7316812998615205,0.20169090013951063,0,76,76,76,266.6933567998931,,,,,,,,,,,,,,266.6852460000664,266.70136549975723,266.70136549975723,266.70136549975723,267.7024435000494,267.6938533000648,268.69446039991453,268.68661270011216,space,1,None,2126061.4132891,268.69446039991453,268.69446039991453,0.7316812998615205,0.20169090013951063,,,,sham_scott,001,2026-07-07_14h54.17.177,untitled,,2026.1.3,119.62838678062113,2026-07-07 14h54.17.428320 -0700,
"[-0.2, -0.2]",space,77,77,0,None,0,,,0,77,77,77,268.69446039991453,,,,,,,,,,,,,,268.6869314000942,268.69446039991453,268.69446039991453,268.69446039991453,269.6958627998829,269.6869311998598,270.6884499001317,270.6805704999715,None,0,None,2126063.4149757,270.6884499001317,270.6884499001317,,,,,,sham_scott,001,2026-07-07_14h54.17.177,untitled,,2026.1.3,119.62838678062113,2026-07-07 14h54.17.428320 -0700,
"[0, 0]",None,78,78,0,None,1,,,0,78,78,78,270.6884499001317,,,,,,,,,,,,,,270.68105270015076,270.696404799819,270.696404799819,270.696404799819,271.69736720016226,271.688765599858,272.6896100998856,272.68167049996555,None,1,None,2126065.4090668,272.6896100998856,272.6896100998856,,,,,,sham_scott,001,2026-07-07_14h54.17.177,untitled,,2026.1.3,119.62838678062113,2026-07-07 14h54.17.428320 -0700,
"[0, -0.2]",None,79,79,0,None,1,,,0,79,79,79,272.6896100998856,,,,,,,,,,,,,,272.6821492998861,272.6983109000139,272.6983109000139,272.6983109000139,273.6990725998767,273.69020149996504,274.69174299994484,274.6829714998603,None,1,None,2126067.4101525,274.69174299994484,274.69174299994484,,,,,,sham_scott,001,2026-07-07_14h54.17.177,untitled,,2026.1.3,119.62838678062113,2026-07-07 14h54.17.428320 -0700,
"[0.2, 0]",None,80,80,0,None,1,,,0,80,80,80,274.69174299994484,,,,,,,,,,,,,,274.6832984001376,274.6997115998529,274.6997115998529,274.6997115998529,275.7003720998764,275.69265779992566,276.6931169000454,276.68435839982703,None,1,None,2126069.4113388,276.6931169000454,276.6931169000454,,,,,,sham_scott,001,2026-07-07_14h54.17.177,untitled,,2026.1.3,119.62838678062113,2026-07-07 14h54.17.428320 -0700,
"[0, -0.2]",space,81,81,0,space,1,0.33060469990596175,0.20999909983947873,0,81,81,81,276.6931169000454,,,,,,,,,,,,,,276.6848323000595,276.7010802999139,276.7010802999139,276.7010802999139,277.70250819996,277.6935835001059,278.6943354997784,278.6860223999247,space,1,None,2126071.4128294,278.6943354997784,278.6943354997784,0.33060469990596175,0.20999909983947873,,,,sham_scott,001,2026-07-07_14h54.17.177,untitled,,2026.1.3,119.62838678062113,2026-07-07 14h54.17.428320 -0700,
"[0, 0]",None,82,82,0,None,1,,,0,82,82,82,278.6943354997784,,,,,,,,,,,,,,278.6863337000832,278.7025993997231,278.7025993997231,278.7025993997231,279.6951530999504,279.6951530999504,280.6874245000072,280.6877329000272,None,1,None,2126073.4143792,280.69586389977485,280.69586389977485,,,,,,sham_scott,001,2026-07-07_14h54.17.177,untitled,,2026.1.3,119.62838678062113,2026-07-07 14h54.17.428320 -0700,
"[0.2, 0.2]",None,83,83,0,None,1,,,0,83,83,83,280.69586389977485,,,,,,,,,,,,,,280.68816189980134,280.69586389977485,280.69586389977485,280.69586389977485,281.6968132997863,281.6882711998187,282.6893194997683,282.68134129978716,None,1,None,2126075.4161854,282.6893194997683,282.6893194997683,,,,,,sham_scott,001,2026-07-07_14h54.17.177,untitled,,2026.1.3,119.62838678062113,2026-07-07 14h54.17.428320 -0700,
"[0, -0.2]",None,84,84,0,None,1,,,0,84,84,84,282.6893194997683,,,,,,,,,,,,,,282.6819044998847,282.69750599982217,282.69750599982217,282.69750599982217,283.69829030008987,283.69001029990613,284.69127719989046,284.68344249995425,None,1,None,2126077.4099416,284.69127719989046,284.69127719989046,,,,,,sham_scott,001,2026-07-07_14h54.17.177,untitled,,2026.1.3,119.62838678062113,2026-07-07 14h54.17.428320 -0700,
"[0.2, 0]",None,85,85,0,None,1,,,0,85,85,85,284.69127719989046,,,,,,,,,,,,,,284.68375759990886,284.6989515000023,284.6989515000023,284.6989515000023,285.7003560997546,285.6923499000259,286.6924974001013,286.6846595997922,None,1,None,2126079.4118029,286.6924974001013,286.6924974001013,,,,,,sham_scott,001,2026-07-07_14h54.17.177,untitled,,2026.1.3,119.62838678062113,2026-07-07 14h54.17.428320 -0700,
"[0, 0.2]",None,86,86,0,None,1,,,0,86,86,86,286.6924974001013,,,,,,,,,,,,,,286.6850060997531,286.70076239993796,286.70076239993796,286.70076239993796,287.70195769984275,287.69332429999486,288.69406070001423,288.6864732000977,None,1,None,2126081.4130456,288.69406070001423,288.69406070001423,,,,,,sham_scott,001,2026-07-07_14h54.17.177,untitled,,2026.1.3,119.62838678062113,2026-07-07 14h54.17.428320 -0700,
"[0.2, 0]",space,87,87,0,space,1,0.6972459000535309,0.20848709996789694,0,87,87,87,288.69406070001423,,,,,,,,,,,,,,288.68680729996413,288.7023383998312,288.7023383998312,288.7023383998312,289.694905300159,289.694905300159,290.6869831001386,290.6873975000344,space,1,None,2126083.4148411,290.69562570005655,290.69562570005655,0.6972459000535309,0.20848709996789694,,,,sham_scott,001,2026-07-07_14h54.17.177,untitled,,2026.1.3,119.62838678062113,2026-07-07 14h54.17.428320 -0700,
"[0, -0.2]",None,88,88,0,None,1,,,0,88,88,88,290.69562570005655,,,,,,,,,,,,,,290.6878276001662,290.69562570005655,290.69562570005655,290.69562570005655,291.69623300014064,291.68842189991847,292.6892268001102,292.68109000008553,None,1,None,2126085.4158517,292.6892268001102,292.6892268001102,,,,,,sham_scott,001,2026-07-07_14h54.17.177,untitled,,2026.1.3,119.62838678062113,2026-07-07 14h54.17.428320 -0700,
"[0.2, 0.2]",None,89,89,0,None,1,,,0,89,89,89,292.6892268001102,,,,,,,,,,,,,,292.68139849975705,292.69801970012486,292.69801970012486,292.69801970012486,293.698015099857,293.68973510013893,294.69063229998574,294.68222719989717,None,1,None,2126087.4094395,294.69063229998574,294.69063229998574,,,,,,sham_scott,001,2026-07-07_14h54.17.177,untitled,,2026.1.3,119.62838678062113,2026-07-07 14h54.17.428320 -0700,
"[0.2, 0]",None,90,90,0,space,0,0.3562289997935295,0.23773689987137914,0,90,90,90,294.69063229998574,,,,,,,,,,,,,,294.68254549987614,294.69838010007516,294.69838010007516,294.69838010007516,295.6995048997924,295.6916579999961,296.6925440998748,296.68399540008977,space,0,None,2126089.4105922,296.6925440998748,296.6925440998748,0.3562289997935295,0.23773689987137914,,,,sham_scott,001,2026-07-07_14h54.17.177,untitled,,2026.1.3,119.62838678062113,2026-07-07 14h54.17.428320 -0700,
"[0, 0]",None,91,91,0,None,1,,,0,91,91,91,296.6925440998748,,,,,,,,,,,,,,296.68429289991036,296.70039629982784,296.70039629982784,296.70039629982784,297.70114360004663,297.6928010000847,298.6938958000392,298.6854463997297,None,1,None,2126091.4123373,298.6938958000392,298.6938958000392,,,,,,sham_scott,001,2026-07-07_14h54.17.177,untitled,,2026.1.3,119.62838678062113,2026-07-07 14h54.17.428320 -0700,
"[0, -0.2]",None,92,92,0,None,1,,,0,92,92,92,298.6938958000392,,,,,,,,,,,,,,298.6857348000631,298.70204340014607,298.70204340014607,298.70204340014607,299.6943930000998,299.6943930000998,300.6868763999082,300.68715529982,None,1,None,2126093.4137826,300.6952502001077,300.6952502001077,,,,,,sham_scott,001,2026-07-07_14h54.17.177,untitled,,2026.1.3,119.62838678062113,2026-07-07 14h54.17.428320 -0700,
"[0, 0]",space,93,93,0,None,0,,,0,93,93,93,300.6952502001077,,,,,,,,,,,,,,300.68745069997385,300.6952502001077,300.6952502001077,300.6952502001077,301.6957165999338,301.6881055999547,302.68886849982664,302.6810332001187,None,0,None,2126095.4154943,302.68886849982664,302.68886849982664,,,,,,sham_scott,001,2026-07-07_14h54.17.177,untitled,,2026.1.3,119.62838678062113,2026-07-07 14h54.17.428320 -0700,
"[0.2, 0.2]",None,94,94,0,None,1,,,0,94,94,94,302.68886849982664,,,,,,,,,,,,,,302.6813934999518,302.6968278000131,302.6968278000131,302.6968278000131,303.69742089975625,303.68976179976016,304.6902997000143,304.68205549987033,None,1,None,2126097.409432,304.6902997000143,304.6902997000143,,,,,,sham_scott,001,2026-07-07_14h54.17.177,untitled,,2026.1.3,119.62838678062113,2026-07-07 14h54.17.428320 -0700,
"[0.2, 0.2]",None,95,95,0,None,1,,,0,95,95,95,304.6902997000143,,,,,,,,,,,,,,304.68242810014635,304.6990025001578,304.6990025001578,304.6990025001578,305.6992889000103,305.6915891999379,306.6916853999719,306.68405789975077,None,1,None,2126099.4104484,306.6916853999719,306.6916853999719,,,,,,sham_scott,001,2026-07-07_14h54.17.177,untitled,,2026.1.3,119.62838678062113,2026-07-07 14h54.17.428320 -0700,
"[0.2, 0]",None,96,96,0,None,1,,,0,96,96,96,306.6916853999719,,,,,,,,,,,,,,306.68441919982433,306.7001609997824,306.7001609997824,306.7001609997824,307.7012106999755,307.69319960009307,308.6934457998723,308.68520630011335,None,1,None,2126101.41245,308.6934457998723,308.6934457998723,,,,,,sham_scott,001,2026-07-07_14h54.17.177,untitled,,2026.1.3,119.62838678062113,2026-07-07 14h54.17.428320 -0700,
"[-0.2, 0]",None,97,97,0,None,1,,,0,97,97,97,308.6934457998723,,,,,,,,,,,,,,308.6855760999024,308.7023708000779,308.7023708000779,308.7023708000779,309.7028425997123,309.6946326000616,310.6954616997391,310.68715649982914,None,1,None,2126103.4136051,310.6954616997391,310.6954616997391,,,,,,sham_scott,001,2026-07-07_14h54.17.177,untitled,,2026.1.3,119.62838678062113,2026-07-07 14h54.17.428320 -0700,
"[-0.2, -0.2]",None,98,98,0,None,1,,,0,98,98,98,310.6954616997391,,,,,,,,,,,,,,310.6875208998099,310.6954616997391,310.6954616997391,310.6954616997391,311.6957024000585,311.68777199974284,312.688196899835,312.68031089985743,None,1,None,2126105.4155559,312.688196899835,312.688196899835,,,,,,sham_scott,001,2026-07-07_14h54.17.177,untitled,,2026.1.3,119.62838678062113,2026-07-07 14h54.17.428320 -0700,
"[0, -0.2]",None,99,99,0,None,1,,,0,99,99,99,312.688196899835,,,,,,,,,,,,,,312.6806811997667,312.6961228,312.6961228,312.6961228,313.69797849981114,313.6889619999565,314.6909742001444,314.6815005997196,None,1,None,2126107.4086954,314.6909742001444,314.6909742001444,,,,,,sham_scott,001,2026-07-07_14h54.17.177,untitled,,2026.1.3,119.62838678062113,2026-07-07 14h54.17.428320 -0700,
,,,,,,,,,,,,,,,,,,,,,,,,,,,,,,,,,,,,,,,,,,,314.6815908001736,314.6981760999188,317.6922615999356,,,,,,,,,
